student_id,name,roll_number,department,year,attendance_pct,backlogs,grade_trend,fee_delay_days,family_income_bracket,extracurricular,attendance_trend_3m,risk_level
1,Student_0001,ROLL00001,Commerce,4,83.66,2,-0.234,10,high,1,1.83,Low
2,Student_0002,ROLL00002,MBA,1,62.55,0,0.95,33,low,0,-10.26,Medium
3,Student_0003,ROLL00003,BCA,2,73.22,0,-0.544,14,mid,0,-2.11,Low
4,Student_0004,ROLL00004,CE,4,66.75,0,-1.058,0,mid,1,3.58,Low
5,Student_0005,ROLL00005,ECE,2,48.09,0,0.738,1,mid,0,-10.63,Medium
6,Student_0006,ROLL00006,Physics,1,66.58,0,1.057,27,low,0,1.66,Medium
7,Student_0007,ROLL00007,ME,3,68.27,0,-1.508,0,mid,0,5.8,Medium
8,Student_0008,ROLL00008,Physics,2,55.83,0,-0.076,7,high,1,-3.29,Medium
9,Student_0009,ROLL00009,CSE,3,73.57,0,0.092,35,mid,0,-18.9,Medium
10,Student_0010,ROLL00010,CE,1,62.67,0,-0.502,57,low,1,-0.94,Medium
11,Student_0011,ROLL00011,CE,4,96.69,0,-0.309,1,high,1,6.37,Low
12,Student_0012,ROLL00012,Commerce,2,76.7,0,-0.421,1,mid,0,-4.29,Low
13,Student_0013,ROLL00013,Physics,4,76.64,0,-1.919,5,mid,0,-3.21,Low
14,Student_0014,ROLL00014,BCA,3,100.0,0,0.302,23,low,1,6.84,Low
15,Student_0015,ROLL00015,ME,4,57.57,2,1.405,3,low,1,8.14,Low
16,Student_0016,ROLL00016,MBA,3,61.81,0,0.069,15,mid,0,-10.36,Medium
17,Student_0017,ROLL00017,ECE,4,57.9,0,0.814,28,low,1,-12.85,Medium
18,Student_0018,ROLL00018,CE,1,68.29,0,1.191,6,high,1,-1.0,Low
19,Student_0019,ROLL00019,Physics,4,77.28,0,1.866,8,low,1,0.79,Low
20,Student_0020,ROLL00020,CE,4,51.65,1,0.941,12,mid,0,-13.96,Medium
21,Student_0021,ROLL00021,BCA,2,87.82,0,1.209,4,high,1,5.69,Low
22,Student_0022,ROLL00022,ME,4,56.57,0,0.482,107,low,1,-3.99,High
23,Student_0023,ROLL00023,MBA,3,63.86,1,1.046,0,high,1,-5.74,Low
24,Student_0024,ROLL00024,Physics,2,78.94,0,-1.143,47,low,1,-10.67,Medium
25,Student_0025,ROLL00025,MBA,2,77.48,0,0.024,8,high,1,3.98,Low
26,Student_0026,ROLL00026,CE,3,83.73,0,-0.237,1,low,1,-5.94,Low
27,Student_0027,ROLL00027,ECE,2,55.92,0,1.56,34,low,0,-1.97,Medium
28,Student_0028,ROLL00028,Commerce,3,60.27,0,0.186,23,mid,0,-9.34,Medium
29,Student_0029,ROLL00029,MBA,2,81.09,1,-1.2,1,high,1,1.33,Low
30,Student_0030,ROLL00030,MBA,1,94.8,0,1.651,2,high,0,9.33,Low
31,Student_0031,ROLL00031,CSE,1,79.99,1,-0.927,22,low,0,-3.48,Low
32,Student_0032,ROLL00032,ECE,2,48.6,0,-0.466,14,mid,1,-8.76,Medium
33,Student_0033,ROLL00033,CE,4,68.36,0,0.647,17,low,1,-1.99,Medium
34,Student_0034,ROLL00034,MBA,4,36.86,1,-0.623,1,mid,0,-16.71,High
35,Student_0035,ROLL00035,CE,2,88.19,0,0.813,4,mid,0,6.15,Low
36,Student_0036,ROLL00036,CSE,3,82.99,2,-0.592,6,mid,1,1.91,Medium
37,Student_0037,ROLL00037,MBA,3,95.5,0,0.682,7,mid,0,1.45,Low
38,Student_0038,ROLL00038,Physics,4,69.66,0,2.0,5,mid,0,6.26,Low
39,Student_0039,ROLL00039,Commerce,4,71.78,0,0.076,8,mid,1,-8.42,Low
40,Student_0040,ROLL00040,CE,1,66.22,0,0.244,1,mid,1,-6.77,Low
41,Student_0041,ROLL00041,MBA,2,45.93,0,-0.718,4,high,1,-13.71,Medium
42,Student_0042,ROLL00042,CE,2,71.92,2,0.771,114,low,0,2.52,High
43,Student_0043,ROLL00043,BCA,1,76.03,0,0.098,3,high,1,-9.18,Low
44,Student_0044,ROLL00044,MBA,2,100.0,0,0.976,14,mid,0,2.21,Low
45,Student_0045,ROLL00045,ECE,4,37.57,1,0.571,2,mid,1,-4.24,Medium
46,Student_0046,ROLL00046,ECE,2,98.58,0,-0.282,21,high,0,-5.57,Low
47,Student_0047,ROLL00047,BCA,3,69.94,2,-1.594,10,high,1,-7.8,Medium
48,Student_0048,ROLL00048,MBA,2,77.62,0,-1.599,15,high,1,2.69,Low
49,Student_0049,ROLL00049,Physics,2,77.98,0,1.551,11,mid,1,-2.07,Low
50,Student_0050,ROLL00050,BCA,3,100.0,0,1.369,18,mid,0,8.29,Low
51,Student_0051,ROLL00051,BCA,3,67.15,1,1.502,7,mid,1,-2.41,Low
52,Student_0052,ROLL00052,Physics,1,71.0,0,-0.089,1,high,0,-11.81,Low
53,Student_0053,ROLL00053,Physics,1,100.0,0,-0.447,0,high,0,0.62,Low
54,Student_0054,ROLL00054,ECE,2,53.37,3,0.035,0,mid,1,-8.6,Medium
55,Student_0055,ROLL00055,BCA,3,69.98,0,0.614,1,high,0,3.06,Low
56,Student_0056,ROLL00056,Commerce,2,66.41,1,-0.988,33,mid,1,-10.78,Medium
57,Student_0057,ROLL00057,ECE,2,57.41,0,-0.187,5,mid,0,-3.38,Low
58,Student_0058,ROLL00058,CSE,1,65.69,1,0.654,10,mid,0,15.0,Low
59,Student_0059,ROLL00059,Physics,4,65.01,0,1.396,12,mid,0,-13.48,Low
60,Student_0060,ROLL00060,CSE,1,74.29,0,-0.626,7,low,0,-2.61,Low
61,Student_0061,ROLL00061,Physics,1,67.7,0,-0.577,5,high,1,3.04,Low
62,Student_0062,ROLL00062,ME,1,100.0,0,-1.002,8,mid,1,0.71,Low
63,Student_0063,ROLL00063,ECE,2,51.5,1,2.0,14,low,0,-15.89,Medium
64,Student_0064,ROLL00064,CSE,3,61.62,1,1.442,9,mid,1,1.62,Low
65,Student_0065,ROLL00065,BCA,4,78.68,0,0.087,9,high,0,-4.25,Low
66,Student_0066,ROLL00066,BCA,3,82.59,0,1.035,15,low,1,9.01,Low
67,Student_0067,ROLL00067,Commerce,4,38.33,0,0.018,3,mid,1,1.41,Medium
68,Student_0068,ROLL00068,Physics,4,32.2,0,1.144,2,mid,1,-6.94,Medium
69,Student_0069,ROLL00069,Commerce,3,63.73,0,0.83,0,mid,1,-9.85,Low
70,Student_0070,ROLL00070,CSE,2,78.01,0,-0.979,0,high,0,4.71,Low
71,Student_0071,ROLL00071,Commerce,3,42.62,1,-1.058,35,mid,1,-16.1,Medium
72,Student_0072,ROLL00072,BCA,3,30.16,1,2.0,0,low,1,-11.12,Medium
73,Student_0073,ROLL00073,CE,1,57.77,1,1.882,6,high,1,7.76,Low
74,Student_0074,ROLL00074,BCA,1,86.06,3,0.524,0,high,0,-2.06,Low
75,Student_0075,ROLL00075,CSE,2,48.78,0,-0.336,3,high,0,1.35,Low
76,Student_0076,ROLL00076,BCA,1,48.26,2,-1.845,0,high,1,-14.15,Medium
77,Student_0077,ROLL00077,CE,3,100.0,0,0.014,11,high,0,2.88,Low
78,Student_0078,ROLL00078,ECE,1,52.07,2,-2.0,8,mid,1,-12.42,Medium
79,Student_0079,ROLL00079,CSE,4,69.3,1,0.833,0,high,0,-13.61,Medium
80,Student_0080,ROLL00080,CSE,1,94.89,1,-1.129,3,low,1,5.5,Low
81,Student_0081,ROLL00081,Commerce,4,86.65,0,0.235,38,low,0,4.26,Low
82,Student_0082,ROLL00082,Commerce,2,66.43,0,-1.251,78,low,1,-12.93,Medium
83,Student_0083,ROLL00083,ECE,3,85.61,0,1.247,8,mid,0,-7.85,Low
84,Student_0084,ROLL00084,Physics,4,71.44,3,0.672,4,mid,0,-13.31,Medium
85,Student_0085,ROLL00085,Commerce,1,42.67,1,2.0,8,low,0,-6.26,Medium
86,Student_0086,ROLL00086,CE,1,89.69,0,-1.28,10,mid,0,5.59,Low
87,Student_0087,ROLL00087,ME,1,60.99,0,-0.923,19,mid,0,-13.81,Medium
88,Student_0088,ROLL00088,Commerce,4,100.0,0,0.7,1,high,1,2.97,Low
89,Student_0089,ROLL00089,MBA,3,65.66,0,0.18,40,low,1,-5.68,Medium
90,Student_0090,ROLL00090,MBA,4,61.88,1,-1.57,6,mid,0,-3.6,Medium
91,Student_0091,ROLL00091,Commerce,4,78.84,1,0.56,17,mid,1,5.65,Low
92,Student_0092,ROLL00092,Commerce,3,42.1,1,0.208,4,high,1,-8.43,Medium
93,Student_0093,ROLL00093,ECE,3,92.32,0,-0.465,0,high,1,7.43,Low
94,Student_0094,ROLL00094,ECE,3,66.43,2,-0.895,1,mid,0,8.58,Medium
95,Student_0095,ROLL00095,CSE,1,76.81,1,0.082,41,mid,1,5.52,Low
96,Student_0096,ROLL00096,MBA,4,97.37,0,1.453,8,mid,1,0.9,Low
97,Student_0097,ROLL00097,BCA,4,53.93,0,-0.035,39,low,0,-1.13,Medium
98,Student_0098,ROLL00098,Physics,3,57.14,4,-0.664,23,high,0,-1.67,Medium
99,Student_0099,ROLL00099,MBA,3,60.52,0,-0.623,22,mid,0,-7.44,Medium
100,Student_0100,ROLL00100,BCA,1,61.73,0,0.633,26,low,1,-9.72,Medium
101,Student_0101,ROLL00101,CSE,4,81.78,1,-0.851,16,low,0,3.52,Medium
102,Student_0102,ROLL00102,BCA,1,100.0,0,0.224,23,low,1,9.03,Low
103,Student_0103,ROLL00103,Physics,4,42.49,1,0.24,16,mid,1,-9.56,Medium
104,Student_0104,ROLL00104,ME,1,84.87,1,1.532,20,mid,0,1.15,Low
105,Student_0105,ROLL00105,BCA,3,79.53,0,-0.226,33,low,1,-2.97,Low
106,Student_0106,ROLL00106,CE,4,85.43,0,0.219,21,mid,1,2.52,Low
107,Student_0107,ROLL00107,CE,3,63.96,0,1.074,4,high,0,-11.21,Low
108,Student_0108,ROLL00108,ECE,2,74.3,0,-0.526,0,high,0,9.52,Low
109,Student_0109,ROLL00109,ECE,3,45.94,0,0.44,17,mid,0,-16.02,Medium
110,Student_0110,ROLL00110,BCA,3,61.85,1,-0.099,35,low,0,4.18,Medium
111,Student_0111,ROLL00111,Commerce,2,73.34,0,0.951,120,low,0,-5.74,High
112,Student_0112,ROLL00112,Commerce,3,80.22,1,1.329,0,high,1,9.25,Low
113,Student_0113,ROLL00113,CSE,2,78.75,0,-1.358,2,low,1,-5.53,Medium
114,Student_0114,ROLL00114,ME,4,60.25,0,-2.0,13,mid,0,3.29,Medium
115,Student_0115,ROLL00115,BCA,1,54.59,0,-0.004,42,low,1,-12.27,Medium
116,Student_0116,ROLL00116,MBA,2,72.68,0,-0.732,29,low,1,-7.57,Medium
117,Student_0117,ROLL00117,Commerce,4,97.19,1,0.06,71,low,1,-0.23,Medium
118,Student_0118,ROLL00118,ME,3,91.6,0,0.95,21,low,1,11.68,Low
119,Student_0119,ROLL00119,ME,2,60.27,0,-0.32,14,low,0,0.39,Medium
120,Student_0120,ROLL00120,ME,4,92.33,0,0.753,84,mid,1,-2.64,Medium
121,Student_0121,ROLL00121,ME,1,91.64,0,0.933,14,low,0,7.37,Low
122,Student_0122,ROLL00122,CE,2,90.85,1,-0.039,34,mid,1,6.26,Low
123,Student_0123,ROLL00123,BCA,1,98.58,1,-0.626,83,low,0,4.98,Medium
124,Student_0124,ROLL00124,MBA,1,66.75,0,1.062,15,low,1,-5.9,Low
125,Student_0125,ROLL00125,CSE,4,48.7,2,-0.468,21,low,0,-9.23,Medium
126,Student_0126,ROLL00126,BCA,1,76.58,1,-1.392,18,mid,0,3.78,Medium
127,Student_0127,ROLL00127,MBA,1,78.53,2,-0.303,1,high,0,0.04,Medium
128,Student_0128,ROLL00128,MBA,1,72.94,1,-0.081,24,low,0,-1.89,Medium
129,Student_0129,ROLL00129,CSE,3,34.18,5,-0.871,0,mid,0,-8.77,High
130,Student_0130,ROLL00130,Commerce,4,83.6,0,-0.651,10,high,0,7.35,Low
131,Student_0131,ROLL00131,ECE,3,100.0,0,0.201,0,mid,1,8.25,Low
132,Student_0132,ROLL00132,ME,3,93.37,2,-1.146,1,mid,1,2.68,Low
133,Student_0133,ROLL00133,Physics,1,100.0,0,-0.244,5,mid,1,7.82,Low
134,Student_0134,ROLL00134,CSE,3,84.62,0,0.126,11,mid,0,-2.48,Low
135,Student_0135,ROLL00135,Commerce,3,54.15,0,-0.639,3,mid,0,-13.58,Medium
136,Student_0136,ROLL00136,ECE,2,90.18,1,-0.325,10,mid,1,-3.95,Low
137,Student_0137,ROLL00137,MBA,3,96.92,0,0.595,46,mid,0,7.27,Low
138,Student_0138,ROLL00138,CSE,4,77.06,0,-0.281,1,high,0,4.77,Low
139,Student_0139,ROLL00139,ME,4,99.26,1,-0.603,6,low,1,-4.93,Low
140,Student_0140,ROLL00140,Commerce,3,47.99,0,0.44,23,low,1,-16.63,Medium
141,Student_0141,ROLL00141,ECE,3,93.71,0,-0.284,4,high,1,5.01,Low
142,Student_0142,ROLL00142,MBA,4,59.53,0,1.248,3,low,1,14.78,Low
143,Student_0143,ROLL00143,Commerce,1,65.63,1,1.225,11,mid,0,9.99,Low
144,Student_0144,ROLL00144,BCA,1,41.66,1,-0.772,2,high,1,-7.45,Medium
145,Student_0145,ROLL00145,Commerce,1,61.53,0,-0.649,25,low,0,-12.79,Medium
146,Student_0146,ROLL00146,MBA,4,84.62,0,2.0,2,high,1,11.36,Low
147,Student_0147,ROLL00147,BCA,4,82.05,0,0.539,26,low,0,-1.6,Medium
148,Student_0148,ROLL00148,CSE,4,66.48,0,-1.407,2,mid,1,-2.42,Medium
149,Student_0149,ROLL00149,CSE,2,58.51,0,-0.527,26,mid,1,-0.11,Low
150,Student_0150,ROLL00150,ECE,1,55.98,0,0.708,17,low,1,0.11,Medium
151,Student_0151,ROLL00151,ME,2,73.47,0,0.919,30,mid,1,-5.32,Low
152,Student_0152,ROLL00152,CSE,3,89.86,0,-0.898,6,mid,1,8.43,Low
153,Student_0153,ROLL00153,CSE,1,71.55,1,1.39,3,high,0,1.46,Low
154,Student_0154,ROLL00154,Physics,1,54.14,1,0.054,13,low,1,-10.51,Medium
155,Student_0155,ROLL00155,BCA,4,99.55,1,-0.213,120,low,0,10.45,High
156,Student_0156,ROLL00156,CSE,4,64.6,0,-0.628,24,low,1,0.5,Medium
157,Student_0157,ROLL00157,CE,1,30.0,2,-1.367,6,mid,1,-13.8,High
158,Student_0158,ROLL00158,BCA,1,85.66,0,-2.0,10,low,1,3.54,Low
159,Student_0159,ROLL00159,CSE,1,54.11,0,-1.96,3,low,1,13.48,Low
160,Student_0160,ROLL00160,CE,2,56.07,0,-1.614,9,mid,1,-8.35,Medium
161,Student_0161,ROLL00161,CSE,2,84.2,0,2.0,16,mid,1,-0.03,Low
162,Student_0162,ROLL00162,CE,3,100.0,0,-0.678,10,mid,1,1.17,Low
163,Student_0163,ROLL00163,Physics,3,47.75,0,1.2,7,low,0,-17.26,Medium
164,Student_0164,ROLL00164,Physics,4,59.26,1,1.311,8,low,0,7.63,Low
165,Student_0165,ROLL00165,CSE,1,60.42,1,0.057,13,mid,1,-0.85,Medium
166,Student_0166,ROLL00166,ME,2,91.31,0,-1.966,33,low,1,0.58,Low
167,Student_0167,ROLL00167,Physics,3,47.87,2,0.304,12,high,0,-9.87,Medium
168,Student_0168,ROLL00168,Physics,2,100.0,0,1.173,2,mid,1,5.0,Low
169,Student_0169,ROLL00169,ME,2,94.29,0,0.309,24,low,0,11.51,Low
170,Student_0170,ROLL00170,Commerce,4,83.22,0,0.478,9,mid,0,7.14,Low
171,Student_0171,ROLL00171,CSE,4,95.18,0,0.261,33,low,0,-4.0,Medium
172,Student_0172,ROLL00172,CE,4,61.02,0,0.648,16,low,0,-6.63,Low
173,Student_0173,ROLL00173,Physics,3,57.29,0,0.589,2,high,1,-0.29,Low
174,Student_0174,ROLL00174,CSE,1,94.73,0,2.0,2,low,1,12.31,Low
175,Student_0175,ROLL00175,BCA,4,60.75,1,-0.007,1,mid,0,7.5,Medium
176,Student_0176,ROLL00176,BCA,1,60.31,0,0.801,2,mid,0,-9.75,Low
177,Student_0177,ROLL00177,CE,1,75.42,1,1.862,23,mid,0,-11.61,Medium
178,Student_0178,ROLL00178,ME,3,66.52,0,0.349,6,mid,0,-7.22,Low
179,Student_0179,ROLL00179,CSE,3,90.59,0,-0.369,21,low,1,5.01,Low
180,Student_0180,ROLL00180,CSE,4,100.0,0,0.469,14,mid,0,6.83,Low
181,Student_0181,ROLL00181,CE,1,70.2,0,-0.878,10,low,0,-9.62,Medium
182,Student_0182,ROLL00182,MBA,2,100.0,0,-0.014,82,low,0,-9.12,Medium
183,Student_0183,ROLL00183,Commerce,2,73.21,1,-1.563,19,high,0,-7.23,Low
184,Student_0184,ROLL00184,Physics,1,82.21,0,0.348,6,mid,0,0.87,Low
185,Student_0185,ROLL00185,ECE,1,90.32,3,-0.296,3,high,0,3.76,Low
186,Student_0186,ROLL00186,MBA,1,30.0,1,0.904,2,high,1,-17.69,Medium
187,Student_0187,ROLL00187,Physics,2,60.35,0,-0.628,0,high,0,1.82,Low
188,Student_0188,ROLL00188,Physics,4,100.0,0,-1.563,7,high,0,2.69,Low
189,Student_0189,ROLL00189,Physics,4,54.48,0,1.038,7,mid,1,1.04,Low
190,Student_0190,ROLL00190,CE,1,75.61,2,0.537,7,mid,1,-12.75,Medium
191,Student_0191,ROLL00191,CE,2,87.01,0,-0.266,61,mid,0,5.42,Low
192,Student_0192,ROLL00192,MBA,4,62.72,0,-1.163,14,mid,0,-1.47,Medium
193,Student_0193,ROLL00193,BCA,3,76.77,0,1.149,10,high,1,8.46,Low
194,Student_0194,ROLL00194,CSE,4,100.0,0,-0.353,9,high,1,12.04,Low
195,Student_0195,ROLL00195,CE,1,69.02,2,-0.091,26,mid,0,-20.92,Medium
196,Student_0196,ROLL00196,Physics,2,56.88,0,-0.411,20,low,1,6.74,Medium
197,Student_0197,ROLL00197,BCA,1,79.27,0,-0.904,1,high,1,-0.41,Low
198,Student_0198,ROLL00198,Physics,3,81.44,2,1.013,12,low,0,5.57,Low
199,Student_0199,ROLL00199,CE,1,83.42,1,0.41,16,mid,1,1.79,Low
200,Student_0200,ROLL00200,BCA,2,54.46,0,0.847,0,high,1,-4.77,Low
201,Student_0201,ROLL00201,Physics,1,75.53,0,0.889,72,low,0,-7.21,Medium
202,Student_0202,ROLL00202,Physics,1,100.0,0,-0.303,31,low,0,8.25,Low
203,Student_0203,ROLL00203,CE,3,79.71,1,0.902,0,high,0,-1.28,Low
204,Student_0204,ROLL00204,MBA,4,92.91,0,0.238,12,high,1,6.27,Low
205,Student_0205,ROLL00205,Commerce,4,98.53,0,0.886,32,low,1,4.15,Low
206,Student_0206,ROLL00206,CE,3,85.36,0,-0.843,10,mid,1,3.62,Low
207,Student_0207,ROLL00207,Commerce,1,60.79,0,-0.742,9,mid,0,-13.56,Medium
208,Student_0208,ROLL00208,CSE,1,59.54,0,-0.083,11,low,0,-4.64,Medium
209,Student_0209,ROLL00209,BCA,1,91.52,0,0.48,93,low,0,16.65,Medium
210,Student_0210,ROLL00210,Physics,1,58.46,2,0.021,42,low,1,-6.19,Medium
211,Student_0211,ROLL00211,CSE,4,86.96,0,0.772,5,mid,1,10.66,Low
212,Student_0212,ROLL00212,ECE,2,60.93,0,-2.0,4,low,1,-4.05,Medium
213,Student_0213,ROLL00213,ECE,3,75.04,0,-1.09,13,mid,0,8.29,Low
214,Student_0214,ROLL00214,CSE,3,76.2,0,0.362,0,high,1,-16.58,Low
215,Student_0215,ROLL00215,CSE,3,36.73,1,0.855,28,mid,1,-1.7,Medium
216,Student_0216,ROLL00216,Commerce,1,58.58,0,1.433,60,low,1,-4.07,Medium
217,Student_0217,ROLL00217,Physics,3,95.48,0,1.033,7,mid,0,8.63,Low
218,Student_0218,ROLL00218,Physics,1,68.13,2,1.396,2,low,1,5.88,Low
219,Student_0219,ROLL00219,MBA,4,100.0,0,-0.046,0,mid,1,-2.73,Low
220,Student_0220,ROLL00220,ME,2,79.37,0,-0.362,49,low,1,1.49,Medium
221,Student_0221,ROLL00221,MBA,1,84.55,0,1.173,1,high,1,4.85,Low
222,Student_0222,ROLL00222,Physics,2,45.25,1,-1.18,11,mid,1,-13.75,Medium
223,Student_0223,ROLL00223,ECE,2,49.29,0,0.061,30,low,0,-8.05,High
224,Student_0224,ROLL00224,ME,4,55.45,2,1.958,14,mid,0,-6.72,Medium
225,Student_0225,ROLL00225,CSE,1,76.57,0,1.086,2,mid,1,-2.22,Low
226,Student_0226,ROLL00226,CE,1,65.82,0,-0.029,9,high,1,-14.58,Low
227,Student_0227,ROLL00227,CSE,2,76.33,0,2.0,30,mid,1,-5.16,Low
228,Student_0228,ROLL00228,Commerce,3,65.94,2,-0.204,33,mid,0,-4.08,Medium
229,Student_0229,ROLL00229,MBA,3,100.0,0,0.952,2,mid,0,8.51,Low
230,Student_0230,ROLL00230,Physics,3,62.43,0,0.857,46,low,1,-8.13,Medium
231,Student_0231,ROLL00231,Physics,4,93.4,1,0.351,1,mid,1,8.35,Low
232,Student_0232,ROLL00232,BCA,3,58.59,0,-0.308,103,low,0,-2.76,High
233,Student_0233,ROLL00233,Physics,2,98.19,0,-0.179,18,low,0,3.41,Low
234,Student_0234,ROLL00234,Physics,3,55.08,1,-0.194,3,high,0,-2.37,Medium
235,Student_0235,ROLL00235,MBA,3,56.62,1,0.008,8,mid,1,5.03,Low
236,Student_0236,ROLL00236,Physics,2,75.4,1,0.559,28,low,1,0.14,Low
237,Student_0237,ROLL00237,ECE,4,59.5,0,-0.524,20,mid,0,-1.78,Medium
238,Student_0238,ROLL00238,ECE,2,71.83,0,0.155,0,low,0,-9.87,Medium
239,Student_0239,ROLL00239,ME,1,85.12,0,1.027,33,mid,1,-0.32,Low
240,Student_0240,ROLL00240,CE,3,85.61,0,1.982,35,low,1,7.83,Low
241,Student_0241,ROLL00241,CSE,4,73.6,0,-0.618,22,mid,1,-5.53,Low
242,Student_0242,ROLL00242,Physics,3,63.9,0,-2.0,3,mid,0,-7.07,Medium
243,Student_0243,ROLL00243,CSE,1,77.88,0,0.622,9,mid,1,-12.11,Low
244,Student_0244,ROLL00244,MBA,1,52.71,1,-0.902,13,low,1,9.38,Medium
245,Student_0245,ROLL00245,BCA,1,56.19,0,-1.744,0,high,0,-2.05,Medium
246,Student_0246,ROLL00246,CSE,3,54.1,4,0.785,0,mid,1,-2.82,Medium
247,Student_0247,ROLL00247,BCA,1,84.88,1,0.438,0,low,1,3.1,Low
248,Student_0248,ROLL00248,BCA,3,75.46,1,-0.742,14,low,0,-1.68,Medium
249,Student_0249,ROLL00249,Commerce,3,75.12,0,-0.223,12,low,0,8.92,Low
250,Student_0250,ROLL00250,CE,1,57.65,0,-0.041,47,mid,1,1.3,Medium
251,Student_0251,ROLL00251,CE,2,60.08,0,0.339,22,mid,1,-10.95,Medium
252,Student_0252,ROLL00252,Physics,4,65.35,0,0.849,6,mid,1,-5.1,Low
253,Student_0253,ROLL00253,Commerce,3,52.4,0,0.038,4,mid,1,1.68,Low
254,Student_0254,ROLL00254,BCA,2,76.04,3,-1.894,0,high,0,-14.39,Medium
255,Student_0255,ROLL00255,ME,4,64.27,1,-1.598,4,high,0,0.7,Medium
256,Student_0256,ROLL00256,CE,4,72.74,0,0.572,56,mid,1,-3.68,Low
257,Student_0257,ROLL00257,Physics,4,97.06,1,0.232,24,low,0,-3.02,Low
258,Student_0258,ROLL00258,CE,4,82.88,0,0.266,0,high,1,-0.98,Low
259,Student_0259,ROLL00259,CSE,2,47.81,0,0.248,45,mid,1,-10.8,Medium
260,Student_0260,ROLL00260,CE,1,61.34,2,-1.245,4,mid,0,-15.21,Medium
261,Student_0261,ROLL00261,CSE,1,75.85,0,-1.54,25,low,1,12.87,Low
262,Student_0262,ROLL00262,Commerce,3,48.05,0,0.922,3,high,1,-8.73,Low
263,Student_0263,ROLL00263,CSE,4,65.41,1,0.011,58,low,1,2.68,Medium
264,Student_0264,ROLL00264,Physics,4,52.72,0,0.32,8,mid,0,-0.22,Low
265,Student_0265,ROLL00265,CSE,1,59.84,0,-1.087,3,mid,0,-11.69,Medium
266,Student_0266,ROLL00266,Commerce,1,51.32,0,-0.678,6,high,1,-6.68,Low
267,Student_0267,ROLL00267,ME,3,98.28,0,-0.598,6,high,0,4.14,Low
268,Student_0268,ROLL00268,ME,4,97.23,0,-1.503,43,low,1,3.17,Low
269,Student_0269,ROLL00269,CSE,3,91.47,1,0.816,17,mid,1,2.63,Low
270,Student_0270,ROLL00270,ME,1,84.18,0,-1.222,67,low,1,5.29,Medium
271,Student_0271,ROLL00271,Commerce,4,52.35,0,0.696,7,mid,0,3.79,Low
272,Student_0272,ROLL00272,ME,1,65.57,1,0.05,3,high,1,-4.9,Low
273,Student_0273,ROLL00273,Physics,2,54.06,0,-1.117,30,mid,1,-11.1,Medium
274,Student_0274,ROLL00274,Physics,3,85.9,0,-0.64,5,mid,0,9.25,Low
275,Student_0275,ROLL00275,CSE,1,59.67,0,-0.704,8,mid,1,4.46,Low
276,Student_0276,ROLL00276,Commerce,3,69.06,2,1.147,1,high,1,-6.31,Low
277,Student_0277,ROLL00277,MBA,4,78.19,0,0.033,120,low,0,-9.07,High
278,Student_0278,ROLL00278,ECE,4,60.96,0,-1.661,4,mid,0,-16.98,Medium
279,Student_0279,ROLL00279,CE,4,73.58,0,-0.083,1,mid,1,-1.51,Low
280,Student_0280,ROLL00280,BCA,1,94.46,1,1.014,13,low,0,8.09,Low
281,Student_0281,ROLL00281,CSE,3,81.93,0,0.391,39,low,1,-3.63,Low
282,Student_0282,ROLL00282,CSE,1,67.39,0,0.497,27,mid,0,-9.92,Low
283,Student_0283,ROLL00283,ME,1,43.1,0,1.677,4,high,1,-15.94,Low
284,Student_0284,ROLL00284,CE,1,84.41,0,-0.234,0,low,0,-0.49,Low
285,Student_0285,ROLL00285,Physics,2,100.0,0,1.615,105,low,1,7.99,Medium
286,Student_0286,ROLL00286,ME,3,80.5,0,-1.238,20,mid,1,-0.82,Low
287,Student_0287,ROLL00287,ECE,1,91.31,3,-0.786,5,high,1,-3.91,Medium
288,Student_0288,ROLL00288,ME,3,58.49,0,-2.0,15,mid,1,-6.83,Low
289,Student_0289,ROLL00289,CSE,1,59.57,0,0.793,50,low,1,-3.13,Medium
290,Student_0290,ROLL00290,BCA,1,86.64,1,0.34,40,low,0,-2.04,Low
291,Student_0291,ROLL00291,CE,3,33.39,1,1.049,23,mid,0,-15.73,Medium
292,Student_0292,ROLL00292,ECE,2,47.46,2,-2.0,1,high,1,-4.63,Medium
293,Student_0293,ROLL00293,Commerce,4,100.0,0,0.474,2,mid,1,-1.63,Low
294,Student_0294,ROLL00294,CSE,3,66.69,1,0.918,6,low,0,-5.25,Medium
295,Student_0295,ROLL00295,ECE,3,73.9,0,-1.418,17,low,0,1.8,Medium
296,Student_0296,ROLL00296,Commerce,1,100.0,2,0.39,18,mid,0,-10.0,Low
297,Student_0297,ROLL00297,BCA,1,53.75,0,-0.925,6,mid,0,-0.96,Low
298,Student_0298,ROLL00298,MBA,2,83.72,0,-1.449,0,high,1,2.77,Low
299,Student_0299,ROLL00299,Commerce,1,52.26,1,1.244,25,mid,1,-1.94,Low
300,Student_0300,ROLL00300,CSE,3,68.64,0,-0.298,32,mid,1,-4.48,Low
301,Student_0301,ROLL00301,Physics,2,67.04,1,0.496,5,high,0,-2.65,Low
302,Student_0302,ROLL00302,Commerce,4,63.15,0,0.62,2,high,0,-4.49,Low
303,Student_0303,ROLL00303,ME,4,95.21,1,-0.209,0,mid,1,13.55,Low
304,Student_0304,ROLL00304,CSE,4,99.23,1,0.415,20,mid,1,-2.72,Low
305,Student_0305,ROLL00305,MBA,3,59.03,1,0.151,20,mid,1,-3.94,Medium
306,Student_0306,ROLL00306,Physics,2,97.95,2,1.11,3,high,1,-1.24,Low
307,Student_0307,ROLL00307,ME,1,65.33,0,0.016,2,low,1,4.22,Low
308,Student_0308,ROLL00308,ECE,2,64.42,1,-1.099,4,mid,1,-14.38,Medium
309,Student_0309,ROLL00309,MBA,4,53.76,1,-1.526,59,low,1,1.94,Medium
310,Student_0310,ROLL00310,CE,2,82.48,0,-1.963,0,mid,0,4.75,Low
311,Student_0311,ROLL00311,Physics,2,84.22,0,-0.329,34,mid,1,6.66,Low
312,Student_0312,ROLL00312,ME,1,77.69,1,0.612,29,mid,1,-11.13,Low
313,Student_0313,ROLL00313,CE,3,78.01,2,1.082,3,mid,0,-13.5,Medium
314,Student_0314,ROLL00314,Physics,4,95.92,0,1.091,34,low,1,11.17,Low
315,Student_0315,ROLL00315,MBA,1,100.0,0,-1.354,13,mid,1,0.23,Low
316,Student_0316,ROLL00316,MBA,3,82.09,1,0.549,31,low,0,12.77,Low
317,Student_0317,ROLL00317,Commerce,2,100.0,0,1.011,4,mid,0,9.71,Low
318,Student_0318,ROLL00318,Commerce,4,100.0,2,-0.531,27,mid,0,10.77,Low
319,Student_0319,ROLL00319,CE,4,72.78,1,-2.0,4,high,0,-5.37,Medium
320,Student_0320,ROLL00320,Physics,4,85.77,0,-0.149,14,mid,1,4.66,Low
321,Student_0321,ROLL00321,Commerce,4,69.0,0,-0.896,29,high,0,4.97,Low
322,Student_0322,ROLL00322,Commerce,1,86.77,0,-0.196,55,mid,1,1.97,Low
323,Student_0323,ROLL00323,ECE,3,68.82,0,-0.491,5,low,1,-5.28,Low
324,Student_0324,ROLL00324,Physics,3,63.67,0,-0.761,10,low,0,-6.65,Medium
325,Student_0325,ROLL00325,MBA,2,64.57,0,-0.031,4,high,1,-9.79,Low
326,Student_0326,ROLL00326,Physics,4,52.87,0,0.781,3,low,1,4.32,Low
327,Student_0327,ROLL00327,ECE,1,100.0,0,1.833,22,mid,1,7.07,Low
328,Student_0328,ROLL00328,Commerce,1,37.3,0,0.845,3,high,1,-35.0,Medium
329,Student_0329,ROLL00329,ME,4,67.08,1,-0.526,21,mid,0,-18.71,Medium
330,Student_0330,ROLL00330,CSE,4,49.41,0,0.661,12,mid,0,-19.14,Medium
331,Student_0331,ROLL00331,BCA,4,55.64,0,0.442,91,low,1,-6.44,Medium
332,Student_0332,ROLL00332,BCA,4,75.97,0,-0.231,12,mid,1,-7.25,Low
333,Student_0333,ROLL00333,CSE,3,79.35,0,-0.839,71,low,1,-10.09,High
334,Student_0334,ROLL00334,BCA,4,84.4,0,-0.262,9,mid,1,-0.28,Low
335,Student_0335,ROLL00335,ME,1,100.0,0,-0.045,8,mid,1,-3.07,Low
336,Student_0336,ROLL00336,MBA,3,65.42,0,-1.11,33,low,1,1.07,High
337,Student_0337,ROLL00337,Commerce,4,34.49,3,-0.287,20,low,0,-9.7,High
338,Student_0338,ROLL00338,Physics,3,55.92,2,-0.487,48,low,0,-8.85,High
339,Student_0339,ROLL00339,MBA,1,68.84,1,0.098,22,mid,0,7.37,Low
340,Student_0340,ROLL00340,ME,2,70.84,0,0.215,14,mid,1,3.95,Low
341,Student_0341,ROLL00341,Commerce,1,55.99,1,0.876,1,high,0,8.78,Low
342,Student_0342,ROLL00342,CSE,2,57.61,0,-1.155,2,low,0,-0.41,Low
343,Student_0343,ROLL00343,Physics,3,73.53,0,-0.187,6,high,1,-16.04,Low
344,Student_0344,ROLL00344,MBA,3,75.0,1,-1.117,7,mid,1,-5.16,Medium
345,Student_0345,ROLL00345,Commerce,4,62.96,0,-0.836,4,low,1,-18.08,Low
346,Student_0346,ROLL00346,Commerce,2,76.86,0,1.987,4,low,1,-5.22,Low
347,Student_0347,ROLL00347,Commerce,3,100.0,1,-0.217,5,mid,0,7.3,Low
348,Student_0348,ROLL00348,MBA,2,81.11,0,-0.097,59,mid,0,3.74,Low
349,Student_0349,ROLL00349,CSE,4,79.62,3,-1.744,59,low,1,1.66,Medium
350,Student_0350,ROLL00350,Commerce,3,56.51,0,1.888,33,low,0,-17.92,Medium
351,Student_0351,ROLL00351,MBA,3,33.04,0,1.154,1,high,0,-16.15,Low
352,Student_0352,ROLL00352,BCA,3,30.0,2,-0.463,16,low,1,-8.71,High
353,Student_0353,ROLL00353,BCA,1,78.05,3,-0.027,0,high,1,-7.11,Medium
354,Student_0354,ROLL00354,BCA,2,80.04,0,-0.207,97,low,1,1.92,Medium
355,Student_0355,ROLL00355,CE,3,79.26,0,-1.561,4,mid,0,8.04,Low
356,Student_0356,ROLL00356,ECE,4,39.83,0,-0.679,3,mid,0,-21.6,Medium
357,Student_0357,ROLL00357,MBA,2,72.26,0,0.354,40,mid,1,-5.05,Medium
358,Student_0358,ROLL00358,ME,2,97.73,2,0.351,8,mid,1,1.51,Low
359,Student_0359,ROLL00359,MBA,2,67.82,2,0.732,4,mid,1,-4.71,Medium
360,Student_0360,ROLL00360,MBA,2,30.0,0,-0.086,4,mid,0,0.06,Medium
361,Student_0361,ROLL00361,MBA,4,96.24,0,0.073,16,mid,1,1.32,Low
362,Student_0362,ROLL00362,Commerce,1,51.27,0,1.261,6,low,1,0.11,Low
363,Student_0363,ROLL00363,CSE,2,90.88,2,-0.484,0,mid,1,-0.06,Low
364,Student_0364,ROLL00364,CE,1,65.56,0,1.318,0,mid,1,-3.71,Low
365,Student_0365,ROLL00365,CE,4,72.74,0,0.952,4,mid,1,-11.17,Low
366,Student_0366,ROLL00366,Physics,4,33.71,1,0.47,3,mid,0,-12.89,Medium
367,Student_0367,ROLL00367,MBA,3,30.0,0,-1.039,0,high,1,-25.05,Medium
368,Student_0368,ROLL00368,CE,1,84.86,0,-1.346,39,low,0,2.52,Medium
369,Student_0369,ROLL00369,Commerce,2,48.29,1,-1.002,9,low,1,-18.02,Medium
370,Student_0370,ROLL00370,CE,2,89.51,0,-0.696,6,mid,1,1.12,Low
371,Student_0371,ROLL00371,ECE,1,82.89,1,1.053,22,low,1,4.12,Low
372,Student_0372,ROLL00372,CE,4,38.16,0,0.437,40,mid,1,-10.22,Medium
373,Student_0373,ROLL00373,CE,3,54.86,0,-0.773,3,low,0,3.64,Medium
374,Student_0374,ROLL00374,ECE,3,88.11,2,0.917,12,mid,1,7.59,Low
375,Student_0375,ROLL00375,MBA,2,83.14,0,-0.808,0,mid,0,6.55,Low
376,Student_0376,ROLL00376,ME,3,77.86,0,-2.0,39,mid,0,-5.53,Medium
377,Student_0377,ROLL00377,Physics,1,73.37,0,1.443,12,low,1,-20.65,Low
378,Student_0378,ROLL00378,MBA,3,88.88,0,1.059,37,mid,1,5.21,Low
379,Student_0379,ROLL00379,CE,2,82.86,0,0.639,17,mid,1,8.29,Low
380,Student_0380,ROLL00380,CE,1,59.18,0,0.046,19,mid,0,2.32,Medium
381,Student_0381,ROLL00381,Commerce,2,76.17,1,-0.216,52,low,0,-9.98,Medium
382,Student_0382,ROLL00382,BCA,2,58.36,1,2.0,1,mid,1,8.35,Low
383,Student_0383,ROLL00383,CE,3,66.91,0,-0.032,72,low,1,-0.8,Medium
384,Student_0384,ROLL00384,ECE,1,78.08,2,-0.946,13,low,0,-10.34,Medium
385,Student_0385,ROLL00385,ME,4,90.64,1,-0.0,19,mid,1,8.42,Low
386,Student_0386,ROLL00386,MBA,1,40.71,0,-0.24,0,high,1,-3.03,Medium
387,Student_0387,ROLL00387,CE,4,75.53,0,-1.549,60,low,0,-0.94,High
388,Student_0388,ROLL00388,BCA,4,71.65,1,0.239,30,low,1,8.2,Low
389,Student_0389,ROLL00389,MBA,4,81.05,2,0.706,13,low,0,1.79,Medium
390,Student_0390,ROLL00390,CSE,4,90.19,2,-0.579,9,mid,1,4.09,Low
391,Student_0391,ROLL00391,Commerce,1,68.74,0,-1.251,16,mid,1,-2.82,Low
392,Student_0392,ROLL00392,MBA,1,59.65,0,0.96,37,low,1,-7.21,Medium
393,Student_0393,ROLL00393,Commerce,1,79.21,0,-0.077,4,high,1,-12.56,Low
394,Student_0394,ROLL00394,MBA,4,65.49,0,0.676,28,low,1,-1.3,Medium
395,Student_0395,ROLL00395,MBA,4,57.31,0,0.862,1,high,0,-1.89,Low
396,Student_0396,ROLL00396,CE,1,51.31,2,0.317,22,low,1,0.93,Medium
397,Student_0397,ROLL00397,MBA,3,79.85,0,0.682,3,high,1,-1.99,Low
398,Student_0398,ROLL00398,BCA,1,87.2,0,1.529,0,mid,1,1.83,Low
399,Student_0399,ROLL00399,MBA,2,77.87,2,1.141,12,mid,1,-7.47,Medium
400,Student_0400,ROLL00400,CSE,1,82.33,0,0.577,13,mid,0,8.51,Low
401,Student_0401,ROLL00401,MBA,2,97.21,0,-1.544,2,low,1,3.66,Low
402,Student_0402,ROLL00402,CE,1,64.55,0,-0.561,10,mid,1,5.71,Low
403,Student_0403,ROLL00403,CE,3,100.0,2,0.157,48,mid,0,8.12,Low
404,Student_0404,ROLL00404,MBA,4,47.94,0,-0.219,4,low,0,-25.1,Medium
405,Student_0405,ROLL00405,CSE,3,77.74,0,-0.334,0,high,0,-11.1,Low
406,Student_0406,ROLL00406,ME,4,96.95,0,-0.064,6,mid,0,10.65,Low
407,Student_0407,ROLL00407,Physics,3,66.11,0,0.496,16,mid,1,-7.28,Low
408,Student_0408,ROLL00408,Commerce,1,71.13,2,-0.627,9,low,1,-6.97,Medium
409,Student_0409,ROLL00409,CSE,1,61.25,2,-0.554,12,mid,1,9.79,Medium
410,Student_0410,ROLL00410,CSE,1,77.08,0,-1.07,11,mid,1,-1.74,Low
411,Student_0411,ROLL00411,Physics,4,53.98,0,1.368,9,mid,1,-12.35,Medium
412,Student_0412,ROLL00412,Commerce,3,40.81,4,-1.358,8,low,1,-12.39,High
413,Student_0413,ROLL00413,ECE,4,87.83,0,1.376,19,mid,1,4.57,Low
414,Student_0414,ROLL00414,MBA,2,71.36,0,2.0,5,mid,0,-17.72,Low
415,Student_0415,ROLL00415,BCA,2,83.53,0,-0.113,34,low,1,-3.5,Medium
416,Student_0416,ROLL00416,BCA,1,30.0,2,0.185,58,low,1,-9.43,High
417,Student_0417,ROLL00417,CSE,2,57.02,0,-0.815,31,low,1,-11.53,Medium
418,Student_0418,ROLL00418,Commerce,3,75.6,0,0.094,17,low,1,5.55,Low
419,Student_0419,ROLL00419,CE,1,100.0,0,1.259,120,low,1,8.73,High
420,Student_0420,ROLL00420,Physics,3,65.45,0,0.451,5,low,1,13.4,Low
421,Student_0421,ROLL00421,ECE,4,57.96,2,-1.35,56,mid,1,-6.32,High
422,Student_0422,ROLL00422,ME,1,79.12,0,-0.284,16,mid,1,-13.98,Low
423,Student_0423,ROLL00423,BCA,3,100.0,0,-0.834,10,low,0,6.82,Low
424,Student_0424,ROLL00424,CE,3,73.36,0,-1.157,0,mid,1,-5.34,Low
425,Student_0425,ROLL00425,CE,4,65.21,1,-0.565,14,high,1,0.39,Low
426,Student_0426,ROLL00426,Physics,3,34.44,0,-0.728,24,mid,1,-2.46,Medium
427,Student_0427,ROLL00427,BCA,3,69.44,0,1.029,1,high,1,3.98,Low
428,Student_0428,ROLL00428,BCA,3,100.0,0,-0.334,11,mid,0,3.46,Low
429,Student_0429,ROLL00429,Commerce,1,78.82,0,-0.593,27,mid,1,-0.48,Low
430,Student_0430,ROLL00430,CSE,4,97.32,0,-0.928,32,mid,0,3.36,Low
431,Student_0431,ROLL00431,CE,3,89.94,0,-1.023,27,low,1,1.49,Low
432,Student_0432,ROLL00432,CSE,1,48.32,2,-0.158,10,mid,1,-13.45,Medium
433,Student_0433,ROLL00433,BCA,1,42.52,0,-0.622,25,mid,1,-7.34,Medium
434,Student_0434,ROLL00434,ECE,3,30.31,0,0.145,13,mid,1,-5.65,Medium
435,Student_0435,ROLL00435,Physics,3,65.33,0,-0.715,2,low,1,1.17,Low
436,Student_0436,ROLL00436,Physics,4,85.33,0,-1.49,14,mid,1,2.47,Low
437,Student_0437,ROLL00437,ECE,2,100.0,0,1.138,0,low,1,3.14,Low
438,Student_0438,ROLL00438,Physics,2,71.6,0,0.823,24,high,1,-0.69,Low
439,Student_0439,ROLL00439,BCA,1,46.42,0,-0.525,0,low,0,-3.76,Medium
440,Student_0440,ROLL00440,Commerce,3,58.33,0,0.472,16,low,1,-3.13,Medium
441,Student_0441,ROLL00441,CSE,2,52.99,0,-0.921,4,low,1,-6.94,Medium
442,Student_0442,ROLL00442,MBA,1,95.46,0,-0.412,9,high,0,10.85,Low
443,Student_0443,ROLL00443,ECE,4,60.49,0,-0.852,3,high,0,-14.7,Low
444,Student_0444,ROLL00444,MBA,1,81.25,1,0.811,15,mid,0,-1.28,Low
445,Student_0445,ROLL00445,ECE,2,65.11,0,-0.398,44,mid,0,-12.47,Medium
446,Student_0446,ROLL00446,Commerce,2,76.85,0,1.172,14,mid,0,6.46,Low
447,Student_0447,ROLL00447,Commerce,1,90.65,0,-0.97,58,low,0,1.01,Medium
448,Student_0448,ROLL00448,Commerce,3,65.93,2,1.674,15,low,1,-4.2,Low
449,Student_0449,ROLL00449,ECE,2,95.33,0,-0.366,9,low,0,2.24,Low
450,Student_0450,ROLL00450,MBA,1,67.25,0,-0.045,91,low,0,-0.44,High
451,Student_0451,ROLL00451,Commerce,1,46.98,0,-1.097,21,mid,0,-23.82,High
452,Student_0452,ROLL00452,CSE,1,76.37,0,-0.196,88,low,1,-0.62,Medium
453,Student_0453,ROLL00453,ECE,4,84.57,0,1.513,25,mid,0,4.99,Low
454,Student_0454,ROLL00454,ME,4,68.06,0,0.571,20,mid,1,-5.66,Low
455,Student_0455,ROLL00455,CSE,1,62.02,3,-0.742,15,mid,0,7.33,Medium
456,Student_0456,ROLL00456,ECE,2,100.0,0,1.665,119,low,1,2.56,Medium
457,Student_0457,ROLL00457,BCA,1,100.0,0,-0.346,1,high,0,-5.06,Low
458,Student_0458,ROLL00458,BCA,4,50.63,1,-0.721,13,mid,1,-17.88,Medium
459,Student_0459,ROLL00459,MBA,2,90.14,0,-1.646,67,low,0,10.53,Medium
460,Student_0460,ROLL00460,ME,3,79.71,0,-0.834,11,mid,1,-7.65,Low
461,Student_0461,ROLL00461,MBA,4,92.1,0,-0.732,44,low,1,12.45,Low
462,Student_0462,ROLL00462,CSE,2,75.48,0,-0.705,11,mid,1,-12.2,Low
463,Student_0463,ROLL00463,ECE,1,73.39,0,-1.274,16,mid,1,0.04,Low
464,Student_0464,ROLL00464,Physics,2,100.0,0,0.09,7,low,0,12.62,Low
465,Student_0465,ROLL00465,BCA,2,36.44,2,-2.0,1,low,1,-11.77,High
466,Student_0466,ROLL00466,ECE,2,67.82,0,1.705,1,mid,1,15.0,Low
467,Student_0467,ROLL00467,BCA,3,58.31,0,-0.715,10,mid,1,-7.88,Low
468,Student_0468,ROLL00468,ME,3,59.86,2,-0.213,19,low,0,14.36,Low
469,Student_0469,ROLL00469,BCA,2,59.78,0,-0.781,118,low,1,-5.08,High
470,Student_0470,ROLL00470,Physics,1,90.29,0,2.0,49,low,0,5.58,Low
471,Student_0471,ROLL00471,MBA,1,75.69,1,-1.616,6,mid,1,-0.6,Medium
472,Student_0472,ROLL00472,CE,2,100.0,0,0.393,2,low,1,3.62,Low
473,Student_0473,ROLL00473,Physics,3,62.98,2,0.329,34,mid,1,3.72,Medium
474,Student_0474,ROLL00474,ECE,4,58.18,1,1.127,1,high,1,-15.3,Low
475,Student_0475,ROLL00475,ECE,1,65.46,0,-0.388,51,low,1,-5.44,Medium
476,Student_0476,ROLL00476,CSE,4,72.89,0,0.065,1,mid,1,-4.65,Low
477,Student_0477,ROLL00477,Physics,3,75.01,0,0.559,14,low,1,-4.39,Low
478,Student_0478,ROLL00478,BCA,3,61.38,0,-0.779,120,low,1,6.7,High
479,Student_0479,ROLL00479,ME,1,59.83,0,-0.588,2,high,1,8.35,Low
480,Student_0480,ROLL00480,Commerce,4,37.98,0,-0.137,13,mid,1,-9.54,Medium
481,Student_0481,ROLL00481,BCA,3,58.77,3,-0.243,17,mid,1,-2.98,Medium
482,Student_0482,ROLL00482,Physics,4,65.01,1,0.004,18,mid,1,0.05,Low
483,Student_0483,ROLL00483,CE,4,78.99,0,-0.515,29,mid,1,-1.05,Low
484,Student_0484,ROLL00484,Physics,4,58.56,1,-0.477,0,high,1,-17.9,Medium
485,Student_0485,ROLL00485,ECE,1,54.88,0,-0.393,3,high,0,-8.77,Low
486,Student_0486,ROLL00486,ECE,2,54.61,0,0.307,77,low,1,-10.78,High
487,Student_0487,ROLL00487,MBA,2,70.24,0,-1.309,53,low,0,12.48,Medium
488,Student_0488,ROLL00488,MBA,3,76.74,0,-0.496,32,mid,1,5.78,Low
489,Student_0489,ROLL00489,Commerce,4,30.0,1,0.244,1,high,1,-20.72,Medium
490,Student_0490,ROLL00490,ME,1,74.69,0,0.074,5,mid,0,-4.28,Low
491,Student_0491,ROLL00491,MBA,1,66.23,0,-0.339,6,high,1,-16.14,Low
492,Student_0492,ROLL00492,CSE,3,39.53,0,1.179,13,mid,0,2.95,Low
493,Student_0493,ROLL00493,ECE,2,43.72,2,-0.611,2,high,1,-7.96,Medium
494,Student_0494,ROLL00494,MBA,3,99.18,1,-0.547,4,mid,0,-5.59,Low
495,Student_0495,ROLL00495,ME,4,30.0,1,0.072,29,mid,0,-8.23,High
496,Student_0496,ROLL00496,BCA,3,75.58,0,-0.238,9,mid,0,-6.05,Low
497,Student_0497,ROLL00497,Commerce,3,58.49,0,-1.888,5,high,0,-7.77,Medium
498,Student_0498,ROLL00498,CSE,3,62.57,0,-0.101,12,low,1,-13.57,Low
499,Student_0499,ROLL00499,BCA,4,86.02,0,0.76,5,high,0,10.65,Low
500,Student_0500,ROLL00500,BCA,2,82.9,0,-0.208,15,high,0,0.17,Low
501,Student_0501,ROLL00501,Commerce,1,65.12,0,-0.745,7,mid,1,-8.44,Low
502,Student_0502,ROLL00502,Physics,2,49.67,0,-0.893,7,high,1,-15.27,Medium
503,Student_0503,ROLL00503,CSE,4,74.78,0,-0.02,41,low,1,-3.86,Medium
504,Student_0504,ROLL00504,ME,4,61.4,1,1.097,65,mid,0,5.67,Medium
505,Student_0505,ROLL00505,Physics,2,79.6,2,-0.2,30,low,1,-17.14,High
506,Student_0506,ROLL00506,ECE,3,90.45,0,-1.582,7,low,1,-2.77,Low
507,Student_0507,ROLL00507,CSE,4,61.15,0,0.649,4,low,1,1.65,Low
508,Student_0508,ROLL00508,CE,1,93.52,0,0.032,15,mid,0,-5.71,Low
509,Student_0509,ROLL00509,ECE,3,89.9,0,-2.0,36,low,1,13.21,Low
510,Student_0510,ROLL00510,ME,2,91.94,0,-0.617,100,low,1,5.57,Medium
511,Student_0511,ROLL00511,Commerce,3,87.11,0,-0.901,40,mid,0,-1.82,Medium
512,Student_0512,ROLL00512,MBA,3,88.97,0,1.072,0,high,1,0.29,Low
513,Student_0513,ROLL00513,ME,2,65.29,3,-0.104,13,high,1,-8.08,Medium
514,Student_0514,ROLL00514,CSE,3,36.91,0,-2.0,5,high,1,-19.93,Medium
515,Student_0515,ROLL00515,Physics,1,66.2,0,1.001,20,low,1,-0.88,Low
516,Student_0516,ROLL00516,BCA,2,61.89,2,-0.273,9,low,1,-4.7,Medium
517,Student_0517,ROLL00517,CSE,1,75.61,0,-1.274,3,mid,0,-0.32,Low
518,Student_0518,ROLL00518,Physics,1,60.73,0,-0.593,13,low,0,-15.41,Medium
519,Student_0519,ROLL00519,ECE,1,93.39,2,0.843,3,mid,0,8.81,Low
520,Student_0520,ROLL00520,CSE,3,79.52,0,1.284,14,mid,1,3.77,Low
521,Student_0521,ROLL00521,CE,2,63.7,1,-1.394,47,mid,0,5.43,Medium
522,Student_0522,ROLL00522,BCA,3,77.14,0,-1.595,8,low,0,-2.97,Medium
523,Student_0523,ROLL00523,Physics,4,49.74,1,0.472,49,low,0,-19.06,Medium
524,Student_0524,ROLL00524,ECE,3,50.5,0,-1.353,10,low,1,0.98,Medium
525,Student_0525,ROLL00525,MBA,4,71.11,1,0.151,5,mid,0,0.04,Low
526,Student_0526,ROLL00526,CSE,3,67.02,2,-0.354,4,low,1,-6.9,Medium
527,Student_0527,ROLL00527,CSE,2,93.24,1,-1.388,0,mid,1,6.82,Low
528,Student_0528,ROLL00528,CSE,3,89.01,0,-0.878,19,high,1,-2.45,Low
529,Student_0529,ROLL00529,CE,2,74.29,0,1.524,20,low,0,-13.93,Medium
530,Student_0530,ROLL00530,CSE,4,82.52,0,-0.231,44,low,0,10.25,Low
531,Student_0531,ROLL00531,CSE,1,84.59,0,1.629,0,high,1,-5.04,Low
532,Student_0532,ROLL00532,CSE,1,61.73,1,-1.229,86,low,1,-6.16,High
533,Student_0533,ROLL00533,Commerce,1,62.88,0,-0.285,2,high,0,-6.99,Low
534,Student_0534,ROLL00534,MBA,3,100.0,0,0.832,0,high,0,6.63,Low
535,Student_0535,ROLL00535,ECE,1,100.0,0,-0.77,5,high,0,5.74,Low
536,Student_0536,ROLL00536,MBA,3,32.91,0,1.291,23,mid,1,-13.73,Medium
537,Student_0537,ROLL00537,ECE,3,52.34,0,-0.345,3,mid,1,0.91,Low
538,Student_0538,ROLL00538,CSE,3,35.64,3,-0.512,0,high,0,-21.37,High
539,Student_0539,ROLL00539,Physics,2,100.0,0,1.667,58,low,1,0.94,Low
540,Student_0540,ROLL00540,CE,1,58.81,0,-0.539,5,high,1,-14.58,Low
541,Student_0541,ROLL00541,BCA,2,71.87,0,2.0,37,mid,1,-7.75,Medium
542,Student_0542,ROLL00542,ME,1,64.97,0,-1.374,4,mid,1,-0.06,Low
543,Student_0543,ROLL00543,Commerce,4,52.65,0,-0.8,14,mid,1,-4.98,Low
544,Student_0544,ROLL00544,Commerce,4,84.38,0,0.401,8,mid,1,-3.17,Low
545,Student_0545,ROLL00545,CSE,3,49.36,1,0.931,33,low,1,-6.14,Medium
546,Student_0546,ROLL00546,MBA,4,61.62,2,-0.699,1,high,0,-8.22,Medium
547,Student_0547,ROLL00547,ECE,1,49.11,0,-0.294,54,low,1,-9.83,Medium
548,Student_0548,ROLL00548,ECE,2,63.56,1,0.578,7,mid,1,8.26,Low
549,Student_0549,ROLL00549,CE,4,61.05,1,0.41,15,high,0,-0.14,Low
550,Student_0550,ROLL00550,CSE,3,50.8,0,-0.274,40,mid,1,-19.26,High
551,Student_0551,ROLL00551,Commerce,1,72.63,3,-0.088,36,low,0,9.71,Medium
552,Student_0552,ROLL00552,CSE,1,89.24,0,0.034,1,high,1,-10.0,Low
553,Student_0553,ROLL00553,BCA,1,100.0,2,-0.165,67,low,0,-1.13,Medium
554,Student_0554,ROLL00554,Commerce,4,64.68,0,0.295,15,low,1,2.29,Low
555,Student_0555,ROLL00555,BCA,4,76.7,1,-0.2,2,mid,1,-11.23,Low
556,Student_0556,ROLL00556,CSE,1,76.78,0,0.738,3,high,0,-3.19,Low
557,Student_0557,ROLL00557,MBA,2,77.02,0,-1.691,10,mid,1,-10.83,Medium
558,Student_0558,ROLL00558,MBA,2,60.29,0,-0.4,12,low,0,-18.14,Medium
559,Student_0559,ROLL00559,Physics,3,100.0,2,-0.751,16,low,0,-7.22,Medium
560,Student_0560,ROLL00560,CE,1,43.27,2,-0.419,29,low,0,-14.84,High
561,Student_0561,ROLL00561,BCA,3,55.09,2,-0.029,1,mid,0,-13.63,Medium
562,Student_0562,ROLL00562,ECE,2,68.42,1,1.282,10,low,1,1.7,Low
563,Student_0563,ROLL00563,CE,2,63.57,0,1.351,2,low,0,-8.23,Low
564,Student_0564,ROLL00564,ECE,2,56.13,0,1.404,6,mid,0,-0.63,Low
565,Student_0565,ROLL00565,Commerce,2,100.0,0,0.11,11,mid,0,6.08,Low
566,Student_0566,ROLL00566,BCA,1,79.48,0,-0.829,10,low,1,-1.47,Low
567,Student_0567,ROLL00567,MBA,1,74.64,0,2.0,6,low,0,7.88,Low
568,Student_0568,ROLL00568,CSE,4,41.7,1,0.614,5,low,0,-4.05,Medium
569,Student_0569,ROLL00569,ECE,4,56.66,1,0.632,0,high,1,-6.79,Low
570,Student_0570,ROLL00570,BCA,2,68.87,0,-1.687,24,low,0,-16.51,Medium
571,Student_0571,ROLL00571,MBA,1,64.95,0,-1.027,6,high,0,-5.99,Low
572,Student_0572,ROLL00572,BCA,1,67.06,2,-1.861,28,low,0,5.5,Medium
573,Student_0573,ROLL00573,Physics,4,100.0,0,0.587,2,mid,1,10.07,Low
574,Student_0574,ROLL00574,ME,3,76.29,1,-2.0,38,low,1,-5.94,Medium
575,Student_0575,ROLL00575,BCA,2,79.01,0,-0.291,15,low,1,-7.75,Low
576,Student_0576,ROLL00576,ECE,4,58.89,0,-1.335,27,mid,0,-1.08,Medium
577,Student_0577,ROLL00577,ME,1,77.88,0,-0.196,50,mid,1,5.48,Low
578,Student_0578,ROLL00578,Commerce,3,53.46,0,-0.236,13,low,1,-8.82,Low
579,Student_0579,ROLL00579,CSE,2,34.7,0,0.439,24,mid,0,-29.96,High
580,Student_0580,ROLL00580,Physics,1,77.22,0,0.281,36,low,0,-1.46,Medium
581,Student_0581,ROLL00581,CSE,4,69.93,1,-0.657,0,mid,1,-3.39,Medium
582,Student_0582,ROLL00582,ECE,2,100.0,0,-0.453,9,mid,0,6.66,Low
583,Student_0583,ROLL00583,Commerce,2,58.78,0,1.598,3,high,0,2.87,Low
584,Student_0584,ROLL00584,Physics,2,74.33,1,-0.063,16,mid,0,-15.75,Medium
585,Student_0585,ROLL00585,MBA,3,39.13,2,0.014,26,mid,1,-22.1,High
586,Student_0586,ROLL00586,Physics,2,68.6,0,0.901,0,low,0,14.48,Low
587,Student_0587,ROLL00587,ME,2,80.98,0,-0.17,20,mid,1,-1.06,Low
588,Student_0588,ROLL00588,Commerce,4,71.6,1,0.351,10,high,0,-5.61,Low
589,Student_0589,ROLL00589,BCA,2,88.92,0,-1.27,8,mid,0,0.81,Low
590,Student_0590,ROLL00590,Physics,2,76.08,0,-0.054,2,high,0,1.88,Low
591,Student_0591,ROLL00591,BCA,3,72.74,1,0.334,0,high,0,8.82,Low
592,Student_0592,ROLL00592,Physics,4,75.99,0,-0.424,11,mid,1,-8.88,Low
593,Student_0593,ROLL00593,BCA,4,83.29,0,0.452,0,high,0,-3.05,Low
594,Student_0594,ROLL00594,CSE,3,51.81,0,0.068,50,low,1,0.87,Medium
595,Student_0595,ROLL00595,ME,1,72.58,1,0.075,2,mid,1,-11.2,Medium
596,Student_0596,ROLL00596,ME,3,65.99,1,-0.012,19,low,1,-15.66,Medium
597,Student_0597,ROLL00597,BCA,3,67.36,0,0.689,2,low,1,-8.47,Low
598,Student_0598,ROLL00598,CSE,1,84.0,0,0.138,9,high,1,-4.91,Low
599,Student_0599,ROLL00599,MBA,3,59.54,0,-0.574,1,mid,1,1.29,Low
600,Student_0600,ROLL00600,ECE,1,64.67,0,-0.211,10,high,1,-12.78,Low
601,Student_0601,ROLL00601,CSE,1,71.29,0,0.12,0,high,1,-9.7,Low
602,Student_0602,ROLL00602,CE,1,34.66,2,0.974,1,low,1,-19.94,Medium
603,Student_0603,ROLL00603,Commerce,2,96.64,0,-2.0,28,low,0,8.45,Low
604,Student_0604,ROLL00604,Physics,4,63.97,1,-1.955,99,low,1,-0.96,High
605,Student_0605,ROLL00605,BCA,1,67.9,2,-0.89,28,mid,1,-15.18,Medium
606,Student_0606,ROLL00606,CE,4,65.72,1,2.0,2,high,1,-11.21,Low
607,Student_0607,ROLL00607,ME,4,68.84,0,0.36,4,mid,0,1.03,Low
608,Student_0608,ROLL00608,Physics,1,62.87,3,0.013,1,mid,1,15.0,Low
609,Student_0609,ROLL00609,CE,2,82.8,1,1.808,5,low,1,5.53,Low
610,Student_0610,ROLL00610,Physics,1,79.05,0,0.168,7,high,1,4.78,Low
611,Student_0611,ROLL00611,Commerce,3,86.75,0,-0.966,4,mid,1,0.31,Low
612,Student_0612,ROLL00612,ECE,1,51.59,0,2.0,48,low,1,-9.12,Medium
613,Student_0613,ROLL00613,BCA,4,65.47,0,-0.605,4,low,1,2.87,Low
614,Student_0614,ROLL00614,ECE,2,85.03,0,0.699,29,mid,0,-4.35,Low
615,Student_0615,ROLL00615,ME,3,60.46,1,1.027,47,low,1,1.8,Medium
616,Student_0616,ROLL00616,ECE,1,62.56,0,1.393,5,mid,1,13.11,Low
617,Student_0617,ROLL00617,Physics,1,85.76,0,0.284,3,low,1,4.29,Low
618,Student_0618,ROLL00618,CSE,3,54.38,0,1.234,3,low,0,-4.44,Medium
619,Student_0619,ROLL00619,ECE,3,54.28,0,0.655,1,high,1,-2.25,Low
620,Student_0620,ROLL00620,MBA,2,75.79,0,0.218,2,high,0,-17.52,Low
621,Student_0621,ROLL00621,Commerce,4,94.06,0,-1.006,6,low,0,-1.88,Low
622,Student_0622,ROLL00622,Physics,1,85.87,0,0.428,1,high,1,4.3,Low
623,Student_0623,ROLL00623,ECE,3,83.16,0,1.136,31,mid,1,-1.56,Low
624,Student_0624,ROLL00624,ECE,3,78.39,0,-1.605,3,high,0,-3.37,Low
625,Student_0625,ROLL00625,ME,1,68.58,0,1.363,20,mid,1,-5.43,Low
626,Student_0626,ROLL00626,MBA,2,51.74,0,-0.068,94,low,1,-4.26,High
627,Student_0627,ROLL00627,ECE,2,62.56,1,0.66,13,high,0,-11.59,Medium
628,Student_0628,ROLL00628,BCA,1,72.42,2,-1.513,120,low,1,-5.84,High
629,Student_0629,ROLL00629,CE,1,91.66,0,0.457,15,mid,0,1.75,Low
630,Student_0630,ROLL00630,Commerce,3,57.38,1,-1.254,47,mid,1,-1.34,Medium
631,Student_0631,ROLL00631,BCA,2,47.99,0,0.587,7,high,0,-17.4,Medium
632,Student_0632,ROLL00632,ECE,3,36.43,0,-1.179,3,high,1,-13.37,Low
633,Student_0633,ROLL00633,BCA,3,45.78,0,-1.314,1,high,1,-5.65,Medium
634,Student_0634,ROLL00634,MBA,4,93.31,0,-0.633,0,high,0,4.08,Low
635,Student_0635,ROLL00635,Commerce,2,100.0,1,-0.102,5,high,1,0.59,Low
636,Student_0636,ROLL00636,CE,2,67.0,0,0.66,50,low,1,4.66,Low
637,Student_0637,ROLL00637,CSE,2,73.55,0,-0.532,3,mid,1,0.08,Low
638,Student_0638,ROLL00638,ME,1,48.77,1,-2.0,6,high,1,-31.07,High
639,Student_0639,ROLL00639,ME,4,59.19,0,-0.411,16,mid,1,5.17,Low
640,Student_0640,ROLL00640,BCA,2,49.04,0,1.599,20,mid,1,-10.68,Low
641,Student_0641,ROLL00641,Physics,1,63.29,1,-1.051,0,high,1,-23.25,Medium
642,Student_0642,ROLL00642,BCA,2,57.88,3,0.859,2,high,1,1.04,Medium
643,Student_0643,ROLL00643,CSE,4,58.57,0,0.753,4,mid,0,-7.92,Medium
644,Student_0644,ROLL00644,CSE,1,72.23,2,-0.749,59,low,1,0.69,High
645,Student_0645,ROLL00645,MBA,3,71.49,0,0.441,30,low,1,-10.35,Medium
646,Student_0646,ROLL00646,ECE,2,68.44,3,0.469,22,mid,0,-10.78,Medium
647,Student_0647,ROLL00647,BCA,3,70.86,0,0.076,39,mid,1,5.39,Low
648,Student_0648,ROLL00648,CSE,2,71.53,0,0.69,52,low,0,-6.43,Medium
649,Student_0649,ROLL00649,ECE,2,63.4,0,1.976,24,low,0,-11.67,Medium
650,Student_0650,ROLL00650,CSE,2,90.42,1,-0.724,8,mid,1,8.93,Low
651,Student_0651,ROLL00651,Commerce,2,58.43,1,1.125,1,low,0,-16.94,Medium
652,Student_0652,ROLL00652,Commerce,3,84.36,0,-0.325,44,low,1,-3.35,Low
653,Student_0653,ROLL00653,CE,1,83.87,2,1.039,3,high,0,3.47,Low
654,Student_0654,ROLL00654,ME,2,50.69,3,-0.455,23,low,1,-0.38,High
655,Student_0655,ROLL00655,Commerce,1,58.67,1,0.151,8,low,1,-0.61,Medium
656,Student_0656,ROLL00656,CSE,4,82.47,0,0.543,3,high,1,6.8,Low
657,Student_0657,ROLL00657,ECE,2,98.06,1,-0.176,29,mid,1,3.41,Low
658,Student_0658,ROLL00658,MBA,3,57.5,2,-0.672,3,high,1,-8.64,Medium
659,Student_0659,ROLL00659,ECE,1,96.94,0,-0.727,31,low,0,6.63,Medium
660,Student_0660,ROLL00660,ME,3,72.83,0,0.02,25,mid,1,-0.12,Low
661,Student_0661,ROLL00661,Physics,2,54.88,0,-1.007,1,high,0,-2.62,Low
662,Student_0662,ROLL00662,ECE,3,47.31,0,-0.757,10,mid,0,-2.57,Medium
663,Student_0663,ROLL00663,CSE,1,62.22,0,0.629,9,high,0,-5.52,Low
664,Student_0664,ROLL00664,Physics,1,83.03,0,-0.604,6,mid,1,7.87,Low
665,Student_0665,ROLL00665,ECE,1,73.57,0,0.857,2,mid,1,0.18,Low
666,Student_0666,ROLL00666,ECE,3,67.29,0,1.722,4,mid,0,-6.58,Low
667,Student_0667,ROLL00667,BCA,4,74.45,0,-0.145,8,mid,1,-2.66,Low
668,Student_0668,ROLL00668,CSE,1,66.94,0,0.099,2,mid,1,-2.84,Low
669,Student_0669,ROLL00669,CSE,4,65.09,0,-0.018,120,low,0,-10.81,High
670,Student_0670,ROLL00670,ECE,1,68.23,0,-0.512,1,low,1,-7.15,Medium
671,Student_0671,ROLL00671,CE,1,72.53,1,-0.981,120,low,0,-14.24,High
672,Student_0672,ROLL00672,Physics,1,100.0,0,2.0,2,low,0,6.49,Low
673,Student_0673,ROLL00673,ME,4,80.14,0,0.029,6,mid,0,6.49,Low
674,Student_0674,ROLL00674,Physics,4,100.0,0,1.942,10,mid,0,-5.13,Low
675,Student_0675,ROLL00675,ME,4,66.87,0,2.0,7,high,1,-5.07,Low
676,Student_0676,ROLL00676,CSE,4,84.52,0,1.192,7,mid,1,-3.46,Low
677,Student_0677,ROLL00677,Physics,3,57.94,0,-0.946,1,mid,1,-0.92,Medium
678,Student_0678,ROLL00678,CSE,3,41.3,3,0.598,5,mid,0,2.89,Medium
679,Student_0679,ROLL00679,MBA,4,40.24,1,0.314,0,high,1,-6.67,Low
680,Student_0680,ROLL00680,MBA,3,98.0,0,-1.197,20,low,0,2.7,Low
681,Student_0681,ROLL00681,ECE,3,55.97,1,-0.907,22,low,0,9.58,Medium
682,Student_0682,ROLL00682,Commerce,2,60.63,0,-1.794,3,mid,0,-8.26,Medium
683,Student_0683,ROLL00683,CSE,4,60.56,0,0.36,43,low,1,-10.29,Medium
684,Student_0684,ROLL00684,ME,3,49.17,0,-0.447,13,mid,1,-23.13,Medium
685,Student_0685,ROLL00685,ME,2,84.84,0,-1.391,7,mid,1,-4.24,Low
686,Student_0686,ROLL00686,CSE,1,100.0,0,0.313,5,high,0,2.24,Low
687,Student_0687,ROLL00687,ECE,4,68.83,0,1.671,113,low,1,-10.21,Medium
688,Student_0688,ROLL00688,BCA,1,73.69,1,0.209,2,low,1,2.17,Low
689,Student_0689,ROLL00689,CE,4,83.59,0,-1.752,13,high,1,-1.3,Low
690,Student_0690,ROLL00690,BCA,3,55.85,1,-0.678,16,low,1,10.39,Medium
691,Student_0691,ROLL00691,BCA,1,94.4,3,-1.321,1,mid,0,6.86,Low
692,Student_0692,ROLL00692,Physics,4,44.2,0,1.166,7,mid,0,-10.91,Medium
693,Student_0693,ROLL00693,ECE,1,59.1,1,0.531,18,low,1,3.87,Medium
694,Student_0694,ROLL00694,MBA,1,61.3,5,0.895,46,low,1,-0.3,High
695,Student_0695,ROLL00695,Commerce,1,84.35,0,0.447,0,high,1,-0.19,Low
696,Student_0696,ROLL00696,CE,1,76.2,0,-1.036,16,mid,1,-1.68,Medium
697,Student_0697,ROLL00697,CSE,4,80.97,1,0.939,30,low,1,-3.12,Medium
698,Student_0698,ROLL00698,Physics,3,50.09,0,-0.631,5,mid,0,-4.71,Medium
699,Student_0699,ROLL00699,ME,4,92.52,0,-0.059,29,mid,1,5.23,Low
700,Student_0700,ROLL00700,CSE,2,56.5,0,0.964,34,mid,1,15.0,Low
701,Student_0701,ROLL00701,ECE,2,66.28,0,1.072,0,high,1,-15.05,Low
702,Student_0702,ROLL00702,Physics,1,37.7,1,1.963,13,low,1,-5.44,Medium
703,Student_0703,ROLL00703,CE,1,100.0,0,0.11,22,mid,1,0.92,Low
704,Student_0704,ROLL00704,Physics,1,56.5,0,0.854,22,mid,1,-2.4,Low
705,Student_0705,ROLL00705,Physics,4,72.89,1,-0.365,1,mid,1,15.0,Low
706,Student_0706,ROLL00706,BCA,4,91.75,0,-1.509,5,high,1,-2.36,Low
707,Student_0707,ROLL00707,CE,1,85.3,1,-0.444,4,high,1,2.29,Low
708,Student_0708,ROLL00708,MBA,1,74.41,0,-1.548,1,mid,1,-0.89,Low
709,Student_0709,ROLL00709,ECE,4,69.07,0,0.072,0,high,0,2.91,Low
710,Student_0710,ROLL00710,ME,3,76.1,0,-0.731,2,mid,1,-5.76,Low
711,Student_0711,ROLL00711,CSE,2,56.36,2,-0.954,4,low,1,0.63,Medium
712,Student_0712,ROLL00712,BCA,1,56.93,0,0.148,0,high,0,4.6,Low
713,Student_0713,ROLL00713,CSE,2,57.18,0,0.032,10,low,0,11.53,Medium
714,Student_0714,ROLL00714,ME,1,61.72,0,-0.046,31,mid,0,-3.13,Medium
715,Student_0715,ROLL00715,ME,2,73.15,0,-1.478,5,high,1,-0.94,Low
716,Student_0716,ROLL00716,BCA,1,60.92,0,-0.345,44,low,1,-4.27,Medium
717,Student_0717,ROLL00717,Physics,3,74.58,1,-1.251,7,mid,1,-15.26,Medium
718,Student_0718,ROLL00718,ME,3,69.23,0,0.132,18,low,0,14.91,Low
719,Student_0719,ROLL00719,BCA,4,75.51,1,-0.727,9,mid,1,-3.81,Medium
720,Student_0720,ROLL00720,Physics,2,78.97,1,0.669,23,low,1,-14.45,Medium
721,Student_0721,ROLL00721,CSE,3,62.06,0,2.0,17,low,1,11.94,Low
722,Student_0722,ROLL00722,CE,3,38.49,0,0.561,13,low,1,-11.9,Medium
723,Student_0723,ROLL00723,Commerce,3,93.59,0,-0.087,4,mid,1,12.4,Low
724,Student_0724,ROLL00724,Commerce,3,79.09,0,-0.364,3,high,1,5.16,Low
725,Student_0725,ROLL00725,CSE,3,86.25,0,1.767,6,low,0,-2.32,Low
726,Student_0726,ROLL00726,BCA,4,80.96,0,1.007,4,mid,0,16.19,Low
727,Student_0727,ROLL00727,BCA,3,97.02,0,-1.003,14,mid,1,1.34,Low
728,Student_0728,ROLL00728,CE,3,77.55,0,0.14,26,low,1,-5.23,Low
729,Student_0729,ROLL00729,ECE,2,58.06,0,2.0,1,high,0,-9.14,Low
730,Student_0730,ROLL00730,ME,2,68.7,0,0.057,38,mid,1,4.36,Medium
731,Student_0731,ROLL00731,Commerce,1,53.28,1,1.449,21,low,1,-5.52,Medium
732,Student_0732,ROLL00732,BCA,1,89.78,0,-0.349,8,low,1,7.79,Low
733,Student_0733,ROLL00733,MBA,1,36.95,2,-0.811,0,high,1,-5.14,High
734,Student_0734,ROLL00734,ME,4,57.85,0,1.546,14,mid,1,-3.04,Low
735,Student_0735,ROLL00735,ME,4,46.33,0,1.196,3,high,1,-14.75,Medium
736,Student_0736,ROLL00736,ECE,1,47.55,0,0.084,67,low,0,-15.46,High
737,Student_0737,ROLL00737,BCA,1,89.52,0,-1.654,4,mid,1,-2.17,Low
738,Student_0738,ROLL00738,CE,4,86.8,0,-0.343,2,high,1,-6.91,Low
739,Student_0739,ROLL00739,ECE,2,62.77,1,1.39,6,mid,1,11.3,Low
740,Student_0740,ROLL00740,CSE,2,64.32,2,1.274,45,low,0,13.79,Medium
741,Student_0741,ROLL00741,BCA,2,67.38,0,1.257,66,mid,0,-0.3,Low
742,Student_0742,ROLL00742,ECE,4,79.9,0,1.568,5,mid,1,-10.76,Low
743,Student_0743,ROLL00743,ME,2,59.97,0,-1.834,14,mid,0,-0.92,Low
744,Student_0744,ROLL00744,Physics,2,88.61,1,-0.706,120,low,0,0.81,High
745,Student_0745,ROLL00745,CE,1,39.53,1,0.365,2,high,1,-17.44,Medium
746,Student_0746,ROLL00746,CSE,3,81.87,0,-0.861,7,mid,1,1.92,Low
747,Student_0747,ROLL00747,CSE,1,63.17,0,-0.629,3,mid,1,11.63,Low
748,Student_0748,ROLL00748,Commerce,3,97.46,0,-0.782,19,mid,0,0.8,Low
749,Student_0749,ROLL00749,MBA,1,88.25,0,-1.635,3,mid,0,-2.2,Low
750,Student_0750,ROLL00750,MBA,4,50.77,1,-0.139,7,mid,1,-7.51,Medium
751,Student_0751,ROLL00751,Commerce,1,66.12,0,-2.0,28,low,0,4.95,Medium
752,Student_0752,ROLL00752,ECE,1,55.61,1,-2.0,4,low,1,-14.47,Medium
753,Student_0753,ROLL00753,MBA,3,56.65,0,1.821,23,mid,1,0.45,Low
754,Student_0754,ROLL00754,ECE,4,57.94,0,-0.922,8,low,1,5.52,Low
755,Student_0755,ROLL00755,Physics,1,94.83,0,-1.223,5,high,0,10.12,Low
756,Student_0756,ROLL00756,Physics,2,100.0,0,-1.414,0,mid,0,7.48,Low
757,Student_0757,ROLL00757,ME,1,81.02,0,-0.449,3,mid,1,4.01,Low
758,Student_0758,ROLL00758,Physics,2,91.41,0,0.551,43,low,0,0.42,Low
759,Student_0759,ROLL00759,Commerce,3,40.48,0,0.082,7,mid,0,-14.95,Medium
760,Student_0760,ROLL00760,CE,3,82.47,0,-0.747,3,mid,1,2.46,Low
761,Student_0761,ROLL00761,BCA,2,66.55,2,-0.193,42,mid,1,8.77,Medium
762,Student_0762,ROLL00762,ME,4,68.52,0,-1.321,51,mid,1,14.14,Low
763,Student_0763,ROLL00763,BCA,4,74.86,1,-0.608,26,low,0,-11.06,Medium
764,Student_0764,ROLL00764,CSE,4,64.64,1,-2.0,20,low,1,-10.04,Medium
765,Student_0765,ROLL00765,CSE,1,98.46,0,-1.84,2,mid,0,9.64,Low
766,Student_0766,ROLL00766,ECE,1,100.0,1,0.422,23,low,1,7.85,Low
767,Student_0767,ROLL00767,ME,2,88.52,1,0.723,8,mid,1,11.23,Low
768,Student_0768,ROLL00768,ECE,3,82.82,0,1.881,3,mid,0,3.31,Low
769,Student_0769,ROLL00769,BCA,3,52.38,0,1.515,2,mid,1,0.29,Low
770,Student_0770,ROLL00770,Commerce,2,58.56,0,-0.352,12,low,0,0.06,Low
771,Student_0771,ROLL00771,Physics,1,64.85,0,-1.099,1,high,1,11.37,Low
772,Student_0772,ROLL00772,BCA,1,66.15,1,1.085,1,mid,1,2.21,Low
773,Student_0773,ROLL00773,Physics,3,80.4,0,0.231,34,mid,0,2.57,Low
774,Student_0774,ROLL00774,ME,3,43.4,0,-1.729,72,low,1,-10.07,High
775,Student_0775,ROLL00775,MBA,3,88.85,1,0.03,0,high,1,-1.49,Low
776,Student_0776,ROLL00776,MBA,2,51.99,0,0.211,19,low,0,0.79,Medium
777,Student_0777,ROLL00777,MBA,1,67.72,1,0.521,18,mid,1,-11.64,Low
778,Student_0778,ROLL00778,CSE,1,57.17,2,-0.147,2,high,0,6.73,Low
779,Student_0779,ROLL00779,Physics,4,84.32,1,0.73,0,mid,1,4.21,Low
780,Student_0780,ROLL00780,Commerce,4,98.27,0,1.001,30,low,1,5.84,Low
781,Student_0781,ROLL00781,Commerce,4,63.02,2,-0.808,36,mid,0,-4.79,Medium
782,Student_0782,ROLL00782,BCA,2,100.0,0,-0.68,22,mid,1,7.06,Low
783,Student_0783,ROLL00783,ME,3,41.21,0,-1.568,5,mid,0,-23.94,Medium
784,Student_0784,ROLL00784,MBA,1,81.33,1,-0.766,8,low,1,8.35,Low
785,Student_0785,ROLL00785,CSE,1,88.35,0,-0.002,35,mid,1,2.94,Low
786,Student_0786,ROLL00786,CSE,1,100.0,0,1.811,18,mid,1,2.17,Low
787,Student_0787,ROLL00787,Physics,2,85.13,0,-0.215,36,mid,1,7.96,Low
788,Student_0788,ROLL00788,Physics,2,65.37,0,-1.336,0,high,1,2.48,Low
789,Student_0789,ROLL00789,Commerce,4,52.22,1,-0.089,5,mid,1,-6.63,Medium
790,Student_0790,ROLL00790,Commerce,3,97.19,0,1.231,4,mid,0,-8.75,Low
791,Student_0791,ROLL00791,MBA,4,55.61,1,-0.376,30,low,0,-13.44,High
792,Student_0792,ROLL00792,Commerce,2,30.13,0,1.002,1,low,1,3.94,Medium
793,Student_0793,ROLL00793,BCA,1,85.49,0,-1.496,13,low,0,2.94,Low
794,Student_0794,ROLL00794,MBA,3,100.0,0,0.462,14,low,1,0.11,Low
795,Student_0795,ROLL00795,MBA,3,100.0,0,2.0,31,low,1,5.19,Low
796,Student_0796,ROLL00796,ECE,2,74.29,0,-0.872,47,low,1,-1.79,Medium
797,Student_0797,ROLL00797,ECE,4,57.14,3,1.933,23,low,0,-0.95,Medium
798,Student_0798,ROLL00798,CSE,2,84.8,0,1.556,2,high,0,5.76,Low
799,Student_0799,ROLL00799,Physics,4,75.37,0,-0.729,1,mid,1,-4.51,Low
800,Student_0800,ROLL00800,BCA,3,100.0,1,2.0,3,low,0,4.15,Low
801,Student_0801,ROLL00801,MBA,4,64.59,1,-1.078,0,low,1,-8.13,Medium
802,Student_0802,ROLL00802,ECE,3,72.99,0,0.288,0,high,0,0.14,Low
803,Student_0803,ROLL00803,CE,4,85.2,0,-0.901,1,high,1,0.97,Low
804,Student_0804,ROLL00804,MBA,2,100.0,0,-0.631,33,mid,0,5.16,Low
805,Student_0805,ROLL00805,CE,4,72.38,0,-0.067,21,mid,0,-11.6,Medium
806,Student_0806,ROLL00806,BCA,4,71.83,2,-0.46,0,high,0,5.85,Low
807,Student_0807,ROLL00807,BCA,4,84.2,2,1.008,6,mid,0,-6.34,Medium
808,Student_0808,ROLL00808,MBA,1,48.03,0,-1.252,7,mid,1,-6.47,Medium
809,Student_0809,ROLL00809,Commerce,4,85.86,0,0.097,28,mid,0,0.03,Low
810,Student_0810,ROLL00810,ECE,2,74.22,0,-0.03,17,mid,1,-5.33,Low
811,Student_0811,ROLL00811,ME,3,74.01,3,0.3,14,mid,0,-0.89,Medium
812,Student_0812,ROLL00812,ME,4,100.0,0,-0.235,2,mid,1,-2.63,Low
813,Student_0813,ROLL00813,MBA,2,63.01,0,0.995,17,mid,1,-7.63,Low
814,Student_0814,ROLL00814,Physics,4,92.21,0,-0.004,13,low,1,6.57,Low
815,Student_0815,ROLL00815,ME,4,100.0,1,1.347,12,mid,1,10.22,Low
816,Student_0816,ROLL00816,BCA,2,85.18,0,-0.854,61,low,1,7.9,Medium
817,Student_0817,ROLL00817,Commerce,3,66.02,0,1.622,2,mid,0,10.07,Low
818,Student_0818,ROLL00818,CE,3,76.55,1,1.602,3,low,1,-15.57,Low
819,Student_0819,ROLL00819,Commerce,4,85.79,0,0.461,4,mid,1,-4.61,Low
820,Student_0820,ROLL00820,MBA,1,70.33,1,0.399,67,low,0,-25.0,High
821,Student_0821,ROLL00821,ECE,1,89.71,2,0.486,1,mid,0,11.04,Low
822,Student_0822,ROLL00822,BCA,1,83.99,0,0.612,19,mid,1,8.88,Low
823,Student_0823,ROLL00823,CSE,4,67.32,0,-0.934,42,mid,1,8.85,Low
824,Student_0824,ROLL00824,ME,4,81.63,0,-0.215,6,low,1,3.27,Low
825,Student_0825,ROLL00825,MBA,1,45.71,2,0.675,10,mid,1,-25.73,Medium
826,Student_0826,ROLL00826,CSE,3,46.67,0,-0.127,58,low,0,-22.06,High
827,Student_0827,ROLL00827,ME,4,75.15,0,1.097,1,mid,1,-19.1,Low
828,Student_0828,ROLL00828,ECE,2,55.49,0,1.247,19,mid,0,0.79,Low
829,Student_0829,ROLL00829,ECE,1,66.63,0,-0.084,107,low,1,-6.07,High
830,Student_0830,ROLL00830,ECE,2,95.58,0,0.099,9,low,0,5.05,Low
831,Student_0831,ROLL00831,CE,4,42.27,0,-0.501,2,mid,1,-11.96,Medium
832,Student_0832,ROLL00832,BCA,3,99.57,1,0.702,21,mid,1,-0.02,Low
833,Student_0833,ROLL00833,Physics,1,58.0,2,-0.288,8,low,1,-11.24,Medium
834,Student_0834,ROLL00834,BCA,2,69.91,1,0.039,5,mid,0,-4.35,Medium
835,Student_0835,ROLL00835,Physics,2,93.37,0,-0.415,2,mid,1,-0.62,Low
836,Student_0836,ROLL00836,Commerce,2,55.24,0,2.0,5,mid,1,-1.74,Low
837,Student_0837,ROLL00837,Physics,3,70.53,1,0.747,16,high,1,-0.62,Low
838,Student_0838,ROLL00838,CE,1,85.66,0,1.674,52,low,1,-3.35,Medium
839,Student_0839,ROLL00839,MBA,3,48.76,0,0.014,19,mid,1,-7.49,Low
840,Student_0840,ROLL00840,MBA,2,40.69,0,2.0,2,mid,1,-12.46,Low
841,Student_0841,ROLL00841,ECE,3,53.3,3,0.245,21,mid,0,2.81,Medium
842,Student_0842,ROLL00842,CSE,1,77.0,1,-0.444,2,low,0,-7.97,Medium
843,Student_0843,ROLL00843,ME,4,71.8,0,-0.935,16,mid,1,-4.78,Medium
844,Student_0844,ROLL00844,MBA,1,88.85,0,0.401,6,high,1,6.6,Low
845,Student_0845,ROLL00845,Commerce,3,61.48,4,1.984,23,mid,1,-2.9,Medium
846,Student_0846,ROLL00846,Physics,3,60.18,1,0.078,4,low,0,3.98,Medium
847,Student_0847,ROLL00847,Physics,4,69.1,1,-0.258,3,high,0,3.95,Low
848,Student_0848,ROLL00848,ECE,4,85.86,3,-0.039,6,mid,1,8.38,Low
849,Student_0849,ROLL00849,MBA,2,30.0,0,-0.626,5,high,0,-19.83,Medium
850,Student_0850,ROLL00850,ME,2,58.61,1,-0.597,21,low,1,5.17,Medium
851,Student_0851,ROLL00851,Physics,1,53.1,0,-0.45,25,low,1,-9.05,Medium
852,Student_0852,ROLL00852,CSE,4,57.71,0,0.036,18,low,1,-6.64,Medium
853,Student_0853,ROLL00853,ECE,1,93.21,0,-1.376,10,mid,1,0.63,Low
854,Student_0854,ROLL00854,Commerce,2,97.12,0,0.301,0,high,0,9.05,Low
855,Student_0855,ROLL00855,Physics,4,64.58,0,-0.744,6,mid,0,1.11,Medium
856,Student_0856,ROLL00856,CSE,2,54.82,2,-1.27,19,mid,0,-0.84,Medium
857,Student_0857,ROLL00857,ECE,3,60.89,0,0.596,20,low,1,4.54,Low
858,Student_0858,ROLL00858,Physics,4,62.9,0,-1.909,3,high,1,-0.0,Medium
859,Student_0859,ROLL00859,Physics,3,87.23,0,0.532,67,low,1,5.28,Medium
860,Student_0860,ROLL00860,BCA,1,73.4,0,-1.836,57,low,1,8.26,Medium
861,Student_0861,ROLL00861,Physics,2,86.69,0,0.984,0,low,0,1.82,Low
862,Student_0862,ROLL00862,ECE,3,93.24,0,0.4,3,high,1,-0.85,Low
863,Student_0863,ROLL00863,CSE,2,55.86,0,0.514,6,low,1,-17.13,Medium
864,Student_0864,ROLL00864,MBA,3,43.97,1,-0.924,21,mid,0,-18.18,Medium
865,Student_0865,ROLL00865,ME,2,100.0,4,0.091,17,low,1,6.94,Low
866,Student_0866,ROLL00866,CE,4,88.96,0,0.408,3,mid,1,-2.11,Low
867,Student_0867,ROLL00867,MBA,2,57.22,1,-0.252,7,mid,1,-6.04,Low
868,Student_0868,ROLL00868,CE,1,93.27,0,0.36,3,mid,1,-0.45,Low
869,Student_0869,ROLL00869,MBA,3,95.2,0,1.366,46,mid,1,2.72,Low
870,Student_0870,ROLL00870,Commerce,4,88.08,1,0.349,3,mid,1,1.2,Low
871,Student_0871,ROLL00871,MBA,2,86.88,0,0.023,14,low,0,-8.39,Low
872,Student_0872,ROLL00872,Commerce,2,100.0,2,0.122,12,mid,1,-0.34,Low
873,Student_0873,ROLL00873,Commerce,2,57.59,0,1.745,1,mid,1,15.0,Low
874,Student_0874,ROLL00874,ECE,1,80.43,0,0.67,5,mid,1,3.88,Low
875,Student_0875,ROLL00875,MBA,2,90.29,0,-1.485,15,mid,1,-7.25,Low
876,Student_0876,ROLL00876,ME,4,64.08,0,-2.0,3,low,0,-3.26,Medium
877,Student_0877,ROLL00877,Physics,3,97.03,1,1.929,62,low,0,3.23,Medium
878,Student_0878,ROLL00878,BCA,3,100.0,1,0.264,60,low,1,2.3,Low
879,Student_0879,ROLL00879,BCA,2,58.95,0,-1.143,2,mid,1,-1.78,Low
880,Student_0880,ROLL00880,BCA,4,80.8,0,1.47,2,mid,1,-4.45,Low
881,Student_0881,ROLL00881,BCA,2,50.16,0,-0.257,22,mid,0,-3.43,Medium
882,Student_0882,ROLL00882,MBA,3,65.34,0,-0.032,6,high,0,0.17,Low
883,Student_0883,ROLL00883,CSE,4,58.4,0,1.447,14,low,1,-8.29,Low
884,Student_0884,ROLL00884,MBA,2,65.46,0,0.959,96,low,0,-6.0,Medium
885,Student_0885,ROLL00885,Physics,4,57.46,0,1.505,22,mid,1,-11.64,Low
886,Student_0886,ROLL00886,Commerce,1,79.09,0,-0.732,28,low,1,1.26,Low
887,Student_0887,ROLL00887,ECE,2,56.51,0,0.712,22,mid,1,-10.75,Low
888,Student_0888,ROLL00888,ECE,2,99.8,0,0.108,1,mid,1,3.5,Low
889,Student_0889,ROLL00889,CSE,4,75.94,2,-1.765,16,low,1,-6.25,Medium
890,Student_0890,ROLL00890,MBA,3,80.69,2,-2.0,6,high,1,5.86,Low
891,Student_0891,ROLL00891,MBA,4,61.69,2,-2.0,12,mid,0,-8.46,Medium
892,Student_0892,ROLL00892,Physics,2,83.27,0,-0.006,4,mid,0,7.69,Low
893,Student_0893,ROLL00893,MBA,2,60.46,1,-0.561,2,mid,0,-7.22,Medium
894,Student_0894,ROLL00894,BCA,1,100.0,2,0.903,0,mid,0,-2.66,Low
895,Student_0895,ROLL00895,ECE,4,68.48,1,-0.02,21,mid,0,-10.82,Medium
896,Student_0896,ROLL00896,CSE,1,57.39,1,0.134,120,low,1,-4.98,High
897,Student_0897,ROLL00897,Commerce,4,59.15,2,-0.3,23,mid,1,-12.89,Medium
898,Student_0898,ROLL00898,MBA,4,72.23,0,-1.616,17,mid,1,9.34,Low
899,Student_0899,ROLL00899,CE,1,64.73,0,0.118,10,low,1,-16.37,Medium
900,Student_0900,ROLL00900,CSE,1,74.33,0,-0.282,16,mid,1,2.45,Low
901,Student_0901,ROLL00901,ECE,1,53.97,0,-0.532,15,high,1,2.63,Low
902,Student_0902,ROLL00902,CE,2,100.0,1,0.713,17,mid,0,10.34,Low
903,Student_0903,ROLL00903,ECE,2,84.49,1,0.891,2,mid,1,1.98,Low
904,Student_0904,ROLL00904,BCA,4,79.99,1,-1.019,2,high,1,6.67,Low
905,Student_0905,ROLL00905,ECE,4,91.31,0,-0.824,12,mid,0,2.82,Low
906,Student_0906,ROLL00906,CSE,4,68.55,1,0.962,2,high,0,-1.85,Low
907,Student_0907,ROLL00907,ME,2,57.67,0,-0.161,28,low,1,-7.44,Low
908,Student_0908,ROLL00908,MBA,4,89.36,1,0.32,7,low,0,0.76,Low
909,Student_0909,ROLL00909,ECE,3,63.1,0,0.963,26,mid,0,6.32,Low
910,Student_0910,ROLL00910,ME,4,68.02,0,0.745,27,mid,0,2.14,Low
911,Student_0911,ROLL00911,BCA,4,84.66,0,-0.276,0,mid,1,1.19,Low
912,Student_0912,ROLL00912,Physics,1,64.88,0,0.07,8,mid,1,-8.21,Low
913,Student_0913,ROLL00913,BCA,1,78.48,1,-1.001,6,mid,0,-9.84,Low
914,Student_0914,ROLL00914,Commerce,2,81.8,0,-0.643,2,mid,0,7.3,Low
915,Student_0915,ROLL00915,MBA,1,99.48,2,2.0,29,low,1,-1.51,Low
916,Student_0916,ROLL00916,MBA,2,63.63,0,-0.689,23,low,1,-1.87,Medium
917,Student_0917,ROLL00917,CE,4,82.52,0,0.167,5,mid,0,8.3,Low
918,Student_0918,ROLL00918,ECE,3,62.12,0,-0.486,2,high,0,-7.19,Medium
919,Student_0919,ROLL00919,Commerce,2,94.59,0,0.446,91,low,0,4.5,Medium
920,Student_0920,ROLL00920,BCA,4,72.04,0,-0.457,1,low,1,-0.59,Low
921,Student_0921,ROLL00921,BCA,4,77.39,1,0.76,28,low,0,-5.4,Medium
922,Student_0922,ROLL00922,Physics,3,45.28,0,1.36,35,mid,1,-29.75,High
923,Student_0923,ROLL00923,MBA,2,36.5,1,-1.444,2,mid,1,-8.44,Medium
924,Student_0924,ROLL00924,ECE,3,86.5,0,0.978,1,high,0,-0.32,Low
925,Student_0925,ROLL00925,CSE,2,100.0,0,-0.515,14,mid,1,2.98,Low
926,Student_0926,ROLL00926,CSE,4,63.31,0,-1.063,61,low,0,9.78,Medium
927,Student_0927,ROLL00927,CSE,4,73.44,0,-0.988,25,low,0,2.78,Low
928,Student_0928,ROLL00928,ME,2,58.81,0,-0.018,2,mid,0,-9.39,Medium
929,Student_0929,ROLL00929,Physics,4,80.27,0,-0.362,23,low,1,3.93,Medium
930,Student_0930,ROLL00930,Commerce,2,88.34,0,2.0,0,low,0,7.34,Low
931,Student_0931,ROLL00931,Physics,3,86.4,0,1.644,53,low,1,-3.74,Low
932,Student_0932,ROLL00932,ECE,3,90.56,0,-0.056,18,low,0,4.56,Low
933,Student_0933,ROLL00933,CSE,3,62.69,3,0.755,2,mid,1,-4.58,Medium
934,Student_0934,ROLL00934,BCA,1,33.09,1,-1.144,4,mid,0,3.41,Medium
935,Student_0935,ROLL00935,Physics,2,30.0,0,1.484,10,mid,1,-22.52,Medium
936,Student_0936,ROLL00936,CSE,1,73.25,0,0.371,39,mid,1,-8.75,Medium
937,Student_0937,ROLL00937,ME,2,62.44,0,-0.908,3,mid,1,-6.81,Low
938,Student_0938,ROLL00938,BCA,3,73.1,1,0.15,34,low,0,-10.05,Medium
939,Student_0939,ROLL00939,Commerce,2,72.62,0,0.948,3,mid,0,2.4,Low
940,Student_0940,ROLL00940,ME,3,74.77,0,1.334,22,mid,0,-7.23,Low
941,Student_0941,ROLL00941,CE,2,36.28,0,0.44,0,low,1,-16.17,Medium
942,Student_0942,ROLL00942,ECE,3,69.35,1,0.004,1,mid,1,6.2,Low
943,Student_0943,ROLL00943,CSE,3,71.34,0,-1.616,2,high,1,-9.95,Low
944,Student_0944,ROLL00944,CE,1,86.74,0,-1.932,2,high,1,2.14,Low
945,Student_0945,ROLL00945,Commerce,4,73.31,0,-0.182,57,mid,1,13.2,Low
946,Student_0946,ROLL00946,Commerce,3,69.63,0,0.175,1,high,1,-4.46,Low
947,Student_0947,ROLL00947,Commerce,1,77.06,2,-1.53,7,low,1,-3.98,Medium
948,Student_0948,ROLL00948,Physics,1,45.32,1,0.682,13,mid,0,-19.04,Medium
949,Student_0949,ROLL00949,Commerce,1,39.39,0,-1.109,82,low,1,-10.37,High
950,Student_0950,ROLL00950,BCA,3,71.6,2,0.723,1,mid,1,-9.03,Low
951,Student_0951,ROLL00951,BCA,2,76.73,0,-0.471,13,mid,1,5.97,Low
952,Student_0952,ROLL00952,CSE,3,67.45,0,0.14,2,mid,1,1.46,Low
953,Student_0953,ROLL00953,CSE,3,82.87,0,-0.071,2,mid,1,3.46,Low
954,Student_0954,ROLL00954,ECE,1,89.97,3,0.08,10,mid,1,0.3,Low
955,Student_0955,ROLL00955,Physics,3,83.02,0,-1.078,53,low,0,4.72,Medium
956,Student_0956,ROLL00956,CE,1,69.39,0,-0.787,12,mid,0,14.34,Low
957,Student_0957,ROLL00957,BCA,1,63.47,1,-0.255,1,mid,1,-1.01,Medium
958,Student_0958,ROLL00958,BCA,4,70.89,0,0.052,41,low,1,4.31,Low
959,Student_0959,ROLL00959,ME,1,75.83,0,-0.174,4,mid,0,7.71,Low
960,Student_0960,ROLL00960,MBA,1,64.8,0,-1.056,8,mid,0,-2.08,Medium
961,Student_0961,ROLL00961,ECE,2,66.18,0,-0.519,0,high,1,10.75,Low
962,Student_0962,ROLL00962,ME,3,58.53,0,0.587,5,mid,0,-0.51,Low
963,Student_0963,ROLL00963,Commerce,2,42.31,1,1.027,8,mid,1,-17.05,Medium
964,Student_0964,ROLL00964,Physics,3,74.01,0,0.62,36,low,1,3.44,Medium
965,Student_0965,ROLL00965,CE,1,100.0,0,-0.187,7,mid,1,8.16,Low
966,Student_0966,ROLL00966,MBA,2,74.5,1,0.798,1,low,1,-17.71,Low
967,Student_0967,ROLL00967,ME,2,54.64,0,1.448,21,mid,1,2.48,Low
968,Student_0968,ROLL00968,Commerce,1,70.02,0,-1.189,30,low,1,-2.47,Medium
969,Student_0969,ROLL00969,ME,2,69.12,0,0.057,2,high,1,-4.0,Low
970,Student_0970,ROLL00970,BCA,3,94.02,1,-0.26,120,low,1,3.74,High
971,Student_0971,ROLL00971,CSE,4,100.0,0,-1.99,11,high,1,4.66,Low
972,Student_0972,ROLL00972,ME,1,63.18,1,-0.419,18,mid,1,-9.3,Medium
973,Student_0973,ROLL00973,CE,4,83.1,0,-0.187,36,low,1,7.0,Low
974,Student_0974,ROLL00974,MBA,3,78.89,0,-0.916,7,mid,1,-4.47,Low
975,Student_0975,ROLL00975,CE,2,86.57,0,0.102,26,low,0,4.53,Medium
976,Student_0976,ROLL00976,Physics,3,93.41,0,-1.371,20,low,1,-1.19,Low
977,Student_0977,ROLL00977,CSE,2,84.17,0,0.234,13,high,1,8.82,Low
978,Student_0978,ROLL00978,ECE,2,100.0,3,-1.325,2,mid,0,7.09,Low
979,Student_0979,ROLL00979,Commerce,3,60.49,0,0.448,1,high,0,-0.4,Low
980,Student_0980,ROLL00980,Commerce,4,71.41,0,-0.533,9,mid,0,-8.09,Medium
981,Student_0981,ROLL00981,BCA,4,74.84,0,-0.024,16,low,0,1.08,Low
982,Student_0982,ROLL00982,Commerce,2,68.23,3,1.248,37,low,0,-17.04,High
983,Student_0983,ROLL00983,BCA,2,56.06,0,-1.101,10,mid,1,2.86,Low
984,Student_0984,ROLL00984,CE,3,100.0,0,-1.105,6,mid,1,6.02,Low
985,Student_0985,ROLL00985,CSE,1,70.64,2,-0.658,52,low,0,-7.76,Medium
986,Student_0986,ROLL00986,ME,2,97.74,0,1.083,2,high,1,12.92,Low
987,Student_0987,ROLL00987,CSE,1,82.28,0,1.267,0,mid,1,-1.86,Low
988,Student_0988,ROLL00988,ME,4,85.34,0,1.064,9,mid,1,12.48,Low
989,Student_0989,ROLL00989,MBA,3,90.87,0,-0.6,24,low,1,5.97,Low
990,Student_0990,ROLL00990,ECE,2,89.31,1,-0.624,59,low,0,0.53,Medium
991,Student_0991,ROLL00991,BCA,2,66.17,0,1.01,99,low,1,-6.57,Medium
992,Student_0992,ROLL00992,CE,4,62.89,3,1.139,21,mid,0,1.15,Medium
993,Student_0993,ROLL00993,ME,4,54.82,1,-0.237,15,high,0,-25.0,Medium
994,Student_0994,ROLL00994,CE,1,100.0,0,1.179,0,high,0,3.23,Low
995,Student_0995,ROLL00995,BCA,1,77.49,1,1.165,9,mid,1,-3.65,Low
996,Student_0996,ROLL00996,CE,4,64.93,0,-0.674,7,mid,1,-8.34,Medium
997,Student_0997,ROLL00997,ME,1,76.5,0,0.548,6,mid,0,-1.97,Low
998,Student_0998,ROLL00998,CSE,2,72.25,0,1.634,2,low,1,-15.95,Low
999,Student_0999,ROLL00999,ECE,1,100.0,0,-0.7,32,low,1,1.95,Low
1000,Student_1000,ROLL01000,CE,1,74.5,2,-1.579,0,high,0,-6.07,Medium
1001,Student_1001,ROLL01001,Physics,3,83.04,1,-1.421,9,mid,1,11.76,Low
1002,Student_1002,ROLL01002,ME,1,82.47,0,-0.167,29,mid,0,2.94,Low
1003,Student_1003,ROLL01003,ECE,4,84.49,2,-0.79,19,low,1,6.46,Low
1004,Student_1004,ROLL01004,ME,4,62.23,0,-0.193,16,mid,0,-12.09,Low
1005,Student_1005,ROLL01005,ME,3,59.04,1,-0.283,28,low,1,5.42,Medium
1006,Student_1006,ROLL01006,CE,2,36.53,1,-1.125,16,mid,0,-7.5,Medium
1007,Student_1007,ROLL01007,ME,1,65.59,2,0.068,9,mid,1,-1.99,Medium
1008,Student_1008,ROLL01008,Physics,4,100.0,0,-0.687,0,mid,0,4.92,Low
1009,Student_1009,ROLL01009,MBA,3,70.79,2,-0.342,39,mid,1,4.22,Medium
1010,Student_1010,ROLL01010,ME,1,43.12,0,0.831,103,low,1,-9.1,High
1011,Student_1011,ROLL01011,CSE,3,76.09,0,0.55,38,mid,1,-5.89,Low
1012,Student_1012,ROLL01012,Commerce,3,84.17,0,-1.144,12,mid,0,9.36,Low
1013,Student_1013,ROLL01013,ME,4,87.27,1,0.14,90,low,1,5.87,Medium
1014,Student_1014,ROLL01014,Commerce,1,83.94,2,-0.874,0,mid,0,-2.84,Low
1015,Student_1015,ROLL01015,ECE,1,91.94,0,0.644,44,low,1,3.73,Low
1016,Student_1016,ROLL01016,ME,1,34.21,0,0.727,12,low,1,-24.56,Medium
1017,Student_1017,ROLL01017,BCA,1,98.61,0,-0.751,4,high,1,10.6,Low
1018,Student_1018,ROLL01018,CSE,4,74.46,0,-2.0,42,low,1,1.95,Medium
1019,Student_1019,ROLL01019,BCA,3,63.05,0,0.163,5,mid,1,8.69,Low
1020,Student_1020,ROLL01020,CE,3,82.42,1,0.187,39,mid,1,1.12,Medium
1021,Student_1021,ROLL01021,CE,1,97.81,0,-0.343,66,low,1,8.71,Low
1022,Student_1022,ROLL01022,BCA,2,50.62,0,-0.88,34,mid,1,-5.91,Medium
1023,Student_1023,ROLL01023,CE,3,43.34,2,1.192,14,high,0,-14.42,Medium
1024,Student_1024,ROLL01024,Physics,3,93.38,0,0.635,26,low,0,2.64,Low
1025,Student_1025,ROLL01025,Physics,2,75.46,0,0.36,4,high,1,-1.73,Low
1026,Student_1026,ROLL01026,ME,3,73.46,0,1.343,23,high,0,-12.83,Low
1027,Student_1027,ROLL01027,CSE,2,64.77,0,-0.942,4,mid,1,-0.53,Low
1028,Student_1028,ROLL01028,Commerce,2,35.03,3,-1.565,81,low,1,-17.65,High
1029,Student_1029,ROLL01029,Commerce,4,79.83,0,-0.344,27,mid,0,-2.03,Medium
1030,Student_1030,ROLL01030,Physics,2,58.42,0,-0.663,21,mid,1,-15.83,Low
1031,Student_1031,ROLL01031,MBA,4,64.34,0,0.471,4,high,0,7.18,Medium
1032,Student_1032,ROLL01032,ME,2,91.9,0,-0.764,31,mid,0,-3.47,Low
1033,Student_1033,ROLL01033,MBA,2,48.72,0,0.176,18,mid,1,-2.79,Low
1034,Student_1034,ROLL01034,BCA,1,84.17,1,-0.257,11,low,0,-2.62,Medium
1035,Student_1035,ROLL01035,Commerce,4,52.96,1,-0.117,0,high,1,-1.29,Low
1036,Student_1036,ROLL01036,Commerce,4,54.4,0,0.873,16,high,0,-4.78,Low
1037,Student_1037,ROLL01037,Commerce,4,100.0,0,-1.715,45,low,0,7.13,Low
1038,Student_1038,ROLL01038,CSE,3,67.06,0,-1.42,3,mid,1,0.5,Low
1039,Student_1039,ROLL01039,MBA,3,30.0,2,0.494,15,low,1,-1.18,High
1040,Student_1040,ROLL01040,MBA,4,100.0,0,0.347,4,low,1,-0.75,Low
1041,Student_1041,ROLL01041,ECE,2,77.1,0,-1.635,16,low,1,-15.44,Medium
1042,Student_1042,ROLL01042,ME,4,69.49,0,-0.228,0,low,0,7.35,Low
1043,Student_1043,ROLL01043,CE,3,74.46,0,1.428,49,low,0,0.81,Medium
1044,Student_1044,ROLL01044,CSE,2,55.56,1,-0.223,1,high,1,3.47,Low
1045,Student_1045,ROLL01045,CSE,2,44.3,0,-0.333,21,mid,1,-22.75,Medium
1046,Student_1046,ROLL01046,Physics,1,89.51,0,-0.025,36,low,1,-0.42,Low
1047,Student_1047,ROLL01047,Commerce,2,80.98,0,-0.155,31,mid,1,-2.78,Low
1048,Student_1048,ROLL01048,MBA,3,92.67,0,0.149,1,mid,1,-5.5,Low
1049,Student_1049,ROLL01049,Commerce,1,75.4,2,-1.036,42,mid,1,4.05,Medium
1050,Student_1050,ROLL01050,CSE,1,91.29,0,-0.24,3,mid,1,2.85,Low
1051,Student_1051,ROLL01051,CSE,1,85.93,0,0.217,5,mid,1,4.48,Low
1052,Student_1052,ROLL01052,BCA,4,45.28,0,0.897,9,high,0,-14.16,Medium
1053,Student_1053,ROLL01053,MBA,4,68.93,0,0.594,1,high,0,-5.26,Low
1054,Student_1054,ROLL01054,ECE,3,92.73,0,-0.788,68,low,0,11.76,Medium
1055,Student_1055,ROLL01055,CE,4,55.28,2,0.366,7,mid,1,6.31,Low
1056,Student_1056,ROLL01056,ME,2,76.94,2,-0.542,98,low,0,8.0,High
1057,Student_1057,ROLL01057,ECE,1,69.64,0,0.697,16,mid,0,-5.78,Low
1058,Student_1058,ROLL01058,BCA,2,74.8,0,-1.23,31,low,1,8.34,Low
1059,Student_1059,ROLL01059,CE,3,79.8,0,0.438,0,mid,0,3.68,Low
1060,Student_1060,ROLL01060,ECE,2,58.88,0,1.212,120,low,0,5.5,High
1061,Student_1061,ROLL01061,CE,4,100.0,0,-0.083,8,mid,1,9.89,Low
1062,Student_1062,ROLL01062,BCA,2,72.25,1,-0.814,5,high,1,5.77,Low
1063,Student_1063,ROLL01063,MBA,4,67.04,2,0.572,57,low,0,-6.05,Medium
1064,Student_1064,ROLL01064,Commerce,3,68.81,0,-1.705,1,mid,0,-7.13,Medium
1065,Student_1065,ROLL01065,CSE,1,89.92,0,-0.295,6,high,1,0.69,Low
1066,Student_1066,ROLL01066,Commerce,1,100.0,0,1.994,34,mid,0,6.51,Low
1067,Student_1067,ROLL01067,CE,3,66.2,0,-1.153,27,mid,1,9.54,Low
1068,Student_1068,ROLL01068,ME,1,93.6,1,-0.228,4,mid,0,-0.33,Low
1069,Student_1069,ROLL01069,BCA,3,74.88,0,-0.252,0,high,0,-4.05,Low
1070,Student_1070,ROLL01070,CE,4,100.0,0,0.347,5,mid,0,10.69,Low
1071,Student_1071,ROLL01071,MBA,2,100.0,0,-0.491,6,mid,1,1.59,Low
1072,Student_1072,ROLL01072,Commerce,4,38.83,1,0.887,120,low,0,-5.82,High
1073,Student_1073,ROLL01073,MBA,4,83.21,1,0.968,26,mid,1,-6.43,Low
1074,Student_1074,ROLL01074,CSE,4,62.14,0,-1.032,26,low,0,-6.93,Medium
1075,Student_1075,ROLL01075,CSE,2,71.05,1,0.069,37,low,0,-4.06,Medium
1076,Student_1076,ROLL01076,ECE,4,78.87,0,-2.0,81,low,0,-3.11,Medium
1077,Student_1077,ROLL01077,BCA,2,78.9,0,1.33,4,low,1,-16.4,Low
1078,Student_1078,ROLL01078,CSE,1,64.57,0,0.842,4,low,1,15.0,Low
1079,Student_1079,ROLL01079,ECE,1,83.0,0,-0.933,5,mid,1,6.37,Low
1080,Student_1080,ROLL01080,ECE,4,64.19,0,1.033,5,mid,1,-6.4,Low
1081,Student_1081,ROLL01081,BCA,3,63.67,0,1.144,8,low,0,-2.15,Medium
1082,Student_1082,ROLL01082,Commerce,3,72.63,3,0.092,4,high,0,12.62,Low
1083,Student_1083,ROLL01083,CSE,2,58.32,0,0.13,39,low,0,-11.5,High
1084,Student_1084,ROLL01084,CE,4,80.9,0,1.864,15,mid,1,2.37,Low
1085,Student_1085,ROLL01085,CE,4,52.12,0,-1.184,16,low,1,-6.08,Medium
1086,Student_1086,ROLL01086,Physics,3,64.69,0,0.362,21,mid,0,-1.2,Low
1087,Student_1087,ROLL01087,CE,4,61.66,1,0.51,2,mid,0,-4.5,Medium
1088,Student_1088,ROLL01088,ECE,2,68.18,0,0.078,7,high,0,4.43,Low
1089,Student_1089,ROLL01089,Commerce,1,61.71,1,0.381,3,high,0,9.37,Low
1090,Student_1090,ROLL01090,MBA,1,85.46,0,0.309,0,low,1,-5.26,Low
1091,Student_1091,ROLL01091,Physics,4,100.0,0,-0.031,0,high,0,8.82,Low
1092,Student_1092,ROLL01092,CSE,4,77.96,0,1.222,2,low,0,-19.94,Low
1093,Student_1093,ROLL01093,CE,1,77.63,1,1.687,52,low,1,-8.52,Medium
1094,Student_1094,ROLL01094,CE,1,71.44,1,-0.475,25,mid,0,2.72,Low
1095,Student_1095,ROLL01095,CSE,2,43.43,0,0.624,6,low,0,2.44,Medium
1096,Student_1096,ROLL01096,ECE,1,61.7,0,-0.034,9,low,1,-12.8,Low
1097,Student_1097,ROLL01097,CE,4,73.94,0,0.292,17,mid,1,-0.76,Low
1098,Student_1098,ROLL01098,ME,1,72.42,0,-0.612,3,high,1,-5.14,Low
1099,Student_1099,ROLL01099,ECE,1,54.22,0,-1.064,20,low,1,0.05,Low
1100,Student_1100,ROLL01100,MBA,3,67.48,0,0.08,31,low,0,1.15,Low
1101,Student_1101,ROLL01101,CE,3,78.82,0,1.106,9,low,1,-13.5,Low
1102,Student_1102,ROLL01102,Commerce,2,72.94,0,-0.041,1,high,1,-6.24,Low
1103,Student_1103,ROLL01103,ME,1,65.6,0,-0.161,67,low,1,-8.54,Medium
1104,Student_1104,ROLL01104,CE,2,70.3,0,-0.508,10,mid,0,-0.83,Medium
1105,Student_1105,ROLL01105,ME,2,82.51,0,-1.409,14,mid,0,4.38,Low
1106,Student_1106,ROLL01106,ME,2,93.51,0,-0.045,6,low,0,8.88,Low
1107,Student_1107,ROLL01107,ECE,4,96.8,0,-1.027,12,mid,1,2.14,Low
1108,Student_1108,ROLL01108,CSE,3,96.58,0,-0.784,9,high,0,-8.96,Low
1109,Student_1109,ROLL01109,ME,3,89.63,0,0.208,7,high,1,-3.73,Low
1110,Student_1110,ROLL01110,ECE,4,74.6,1,-1.44,33,low,1,-10.38,Medium
1111,Student_1111,ROLL01111,MBA,2,50.6,1,0.176,5,high,1,-4.22,Low
1112,Student_1112,ROLL01112,CE,2,89.36,0,-1.724,3,mid,0,-1.79,Low
1113,Student_1113,ROLL01113,Commerce,2,71.07,0,0.585,2,high,1,1.89,Low
1114,Student_1114,ROLL01114,Physics,2,73.3,0,2.0,1,high,0,6.77,Low
1115,Student_1115,ROLL01115,ECE,1,77.55,1,0.092,22,low,1,-1.01,Low
1116,Student_1116,ROLL01116,CSE,4,61.9,1,-0.846,13,mid,0,-11.66,Medium
1117,Student_1117,ROLL01117,BCA,2,44.41,1,1.149,29,mid,1,-24.59,Medium
1118,Student_1118,ROLL01118,BCA,3,86.37,1,1.136,4,high,1,1.45,Low
1119,Student_1119,ROLL01119,BCA,2,58.94,0,0.999,14,mid,1,5.44,Low
1120,Student_1120,ROLL01120,ECE,2,46.69,0,0.796,8,high,0,-3.88,Low
1121,Student_1121,ROLL01121,Physics,4,78.52,0,0.182,6,mid,0,4.14,Low
1122,Student_1122,ROLL01122,ME,3,100.0,0,2.0,5,high,0,0.26,Low
1123,Student_1123,ROLL01123,CSE,2,98.94,0,-2.0,27,low,0,2.08,Low
1124,Student_1124,ROLL01124,CE,1,73.15,1,-0.029,79,low,0,-4.29,Medium
1125,Student_1125,ROLL01125,Physics,3,84.49,1,1.422,13,mid,0,3.84,Low
1126,Student_1126,ROLL01126,CE,1,100.0,2,-0.49,7,high,0,2.43,Low
1127,Student_1127,ROLL01127,ECE,1,75.37,0,-1.027,32,low,1,-15.81,Medium
1128,Student_1128,ROLL01128,Commerce,3,30.0,0,-0.658,50,low,0,-27.06,High
1129,Student_1129,ROLL01129,MBA,4,80.73,0,2.0,1,mid,0,1.86,Low
1130,Student_1130,ROLL01130,Commerce,3,83.07,0,0.447,10,mid,1,5.71,Low
1131,Student_1131,ROLL01131,Physics,2,47.79,0,-1.047,8,mid,0,-6.58,Medium
1132,Student_1132,ROLL01132,ECE,2,70.81,1,-0.613,22,mid,0,-2.18,Medium
1133,Student_1133,ROLL01133,ECE,2,58.49,0,0.002,0,high,1,-14.0,Low
1134,Student_1134,ROLL01134,CSE,3,48.9,0,0.365,23,mid,0,-7.54,Low
1135,Student_1135,ROLL01135,CSE,3,79.71,0,0.594,5,low,1,-7.41,Low
1136,Student_1136,ROLL01136,CE,4,92.74,0,0.337,15,low,0,-5.22,Low
1137,Student_1137,ROLL01137,CSE,4,76.16,2,-0.296,3,high,1,2.07,Low
1138,Student_1138,ROLL01138,CSE,1,68.18,0,0.166,16,mid,1,-6.66,Low
1139,Student_1139,ROLL01139,Commerce,4,44.14,1,0.193,10,low,1,1.41,Medium
1140,Student_1140,ROLL01140,Commerce,4,78.42,2,0.371,120,low,1,-3.92,High
1141,Student_1141,ROLL01141,ME,2,100.0,0,0.823,0,high,1,-3.56,Low
1142,Student_1142,ROLL01142,Physics,3,79.19,0,-0.535,4,mid,1,3.04,Low
1143,Student_1143,ROLL01143,CSE,3,72.06,0,0.73,0,low,1,-5.97,Low
1144,Student_1144,ROLL01144,BCA,1,63.73,0,-0.601,2,mid,1,-11.15,Low
1145,Student_1145,ROLL01145,BCA,1,100.0,1,1.025,14,low,1,8.84,Low
1146,Student_1146,ROLL01146,Commerce,2,61.01,0,0.504,46,low,0,-8.11,Medium
1147,Student_1147,ROLL01147,CSE,1,61.75,1,-0.858,1,mid,1,-6.08,Medium
1148,Student_1148,ROLL01148,CE,3,100.0,0,-1.073,20,high,1,0.98,Low
1149,Student_1149,ROLL01149,BCA,1,98.25,0,-1.181,19,low,1,-9.47,Low
1150,Student_1150,ROLL01150,Commerce,1,100.0,0,0.448,3,mid,1,2.3,Low
1151,Student_1151,ROLL01151,MBA,4,94.54,1,-0.363,1,mid,1,1.92,Low
1152,Student_1152,ROLL01152,MBA,1,67.14,1,0.37,9,mid,0,4.76,Low
1153,Student_1153,ROLL01153,Commerce,2,91.11,2,0.218,22,mid,0,7.84,Low
1154,Student_1154,ROLL01154,CE,2,77.22,0,0.095,13,mid,0,-16.75,Medium
1155,Student_1155,ROLL01155,MBA,1,56.98,0,0.688,3,mid,0,1.38,Low
1156,Student_1156,ROLL01156,Physics,1,59.0,0,0.858,7,mid,1,-7.54,Medium
1157,Student_1157,ROLL01157,Commerce,4,68.53,0,-2.0,25,mid,1,-7.91,Medium
1158,Student_1158,ROLL01158,BCA,2,76.09,0,-0.961,5,high,0,8.02,Low
1159,Student_1159,ROLL01159,ECE,1,60.62,0,-0.693,4,high,1,-13.19,Low
1160,Student_1160,ROLL01160,MBA,4,71.82,0,0.701,19,mid,1,9.12,Low
1161,Student_1161,ROLL01161,ECE,2,53.77,0,-0.446,17,mid,1,-7.03,Low
1162,Student_1162,ROLL01162,Physics,1,64.93,0,-0.771,19,mid,0,8.47,Low
1163,Student_1163,ROLL01163,ME,3,93.5,1,-1.998,27,mid,1,-0.53,Low
1164,Student_1164,ROLL01164,MBA,2,66.5,0,0.11,48,low,0,3.25,Medium
1165,Student_1165,ROLL01165,ECE,2,61.13,2,0.108,38,mid,1,-14.76,Medium
1166,Student_1166,ROLL01166,CE,4,55.12,0,1.737,25,mid,1,-11.43,Low
1167,Student_1167,ROLL01167,CE,4,71.34,0,0.865,0,high,1,-9.56,Low
1168,Student_1168,ROLL01168,ME,4,62.26,0,-0.313,27,low,0,3.94,Medium
1169,Student_1169,ROLL01169,ECE,4,76.96,1,0.262,5,mid,0,6.87,Low
1170,Student_1170,ROLL01170,ECE,1,45.49,0,-0.187,89,low,1,-4.92,High
1171,Student_1171,ROLL01171,MBA,1,67.03,1,0.216,16,low,0,-5.82,Medium
1172,Student_1172,ROLL01172,Commerce,1,67.9,0,1.073,31,mid,0,-10.12,Low
1173,Student_1173,ROLL01173,ME,1,96.76,0,2.0,41,mid,0,6.85,Low
1174,Student_1174,ROLL01174,ME,3,56.15,0,-2.0,6,low,1,-3.91,Medium
1175,Student_1175,ROLL01175,ECE,2,64.8,0,1.406,20,high,1,-1.39,Low
1176,Student_1176,ROLL01176,CSE,2,55.19,0,0.541,45,mid,1,13.29,Low
1177,Student_1177,ROLL01177,ME,2,74.67,0,-0.532,5,mid,1,2.26,Low
1178,Student_1178,ROLL01178,ECE,3,85.0,0,-0.17,19,low,1,3.83,Low
1179,Student_1179,ROLL01179,CSE,2,56.6,0,-1.052,7,mid,1,-6.8,Medium
1180,Student_1180,ROLL01180,ME,2,48.67,0,-0.825,28,mid,1,-21.35,Medium
1181,Student_1181,ROLL01181,Physics,4,72.62,0,-0.457,26,low,0,-14.27,Medium
1182,Student_1182,ROLL01182,ME,2,61.44,0,-1.122,48,mid,1,1.26,Low
1183,Student_1183,ROLL01183,CE,4,77.88,0,1.242,16,low,0,4.72,Low
1184,Student_1184,ROLL01184,CSE,4,81.89,0,0.224,21,mid,1,-0.15,Medium
1185,Student_1185,ROLL01185,ECE,1,49.01,0,0.234,120,low,0,4.93,High
1186,Student_1186,ROLL01186,CE,3,54.35,2,1.881,7,high,1,0.91,Low
1187,Student_1187,ROLL01187,ECE,4,71.99,2,1.516,24,low,1,-15.06,Medium
1188,Student_1188,ROLL01188,ECE,2,46.74,0,-2.0,10,mid,1,-13.77,Medium
1189,Student_1189,ROLL01189,Physics,3,94.43,0,0.46,0,mid,0,11.63,Low
1190,Student_1190,ROLL01190,Commerce,4,54.25,0,0.89,26,low,0,6.29,Low
1191,Student_1191,ROLL01191,MBA,4,100.0,0,-0.479,9,low,1,5.58,Low
1192,Student_1192,ROLL01192,Commerce,1,97.48,0,0.152,0,mid,0,-1.05,Low
1193,Student_1193,ROLL01193,CE,3,67.89,1,-0.014,83,low,1,-4.57,High
1194,Student_1194,ROLL01194,Physics,2,69.18,0,-0.125,0,high,1,-0.89,Low
1195,Student_1195,ROLL01195,MBA,3,90.03,0,-2.0,56,mid,1,8.46,Medium
1196,Student_1196,ROLL01196,BCA,3,100.0,0,-0.52,12,low,0,-1.4,Low
1197,Student_1197,ROLL01197,Commerce,3,30.0,3,1.086,8,mid,1,-8.43,High
1198,Student_1198,ROLL01198,Commerce,1,54.63,0,0.386,39,mid,1,-2.21,Low
1199,Student_1199,ROLL01199,Commerce,4,61.8,1,-0.654,120,low,0,4.32,High
1200,Student_1200,ROLL01200,ME,3,98.8,0,1.68,0,high,1,3.69,Low
1201,Student_1201,ROLL01201,ECE,2,58.05,0,1.896,3,mid,0,-4.2,Low
1202,Student_1202,ROLL01202,BCA,2,70.79,0,-1.127,2,mid,0,-6.61,Low
1203,Student_1203,ROLL01203,CE,2,83.11,0,0.888,83,low,1,9.99,Low
1204,Student_1204,ROLL01204,MBA,2,61.18,3,-1.54,14,low,1,-5.89,Medium
1205,Student_1205,ROLL01205,ECE,3,76.42,0,-0.945,16,mid,0,2.17,Low
1206,Student_1206,ROLL01206,Commerce,1,100.0,0,-0.224,6,high,1,10.57,Low
1207,Student_1207,ROLL01207,CSE,4,49.62,0,0.118,27,low,0,-21.06,Medium
1208,Student_1208,ROLL01208,ECE,2,69.56,3,0.579,19,low,0,-6.56,Medium
1209,Student_1209,ROLL01209,Physics,2,41.55,0,-0.9,0,mid,0,-12.52,Medium
1210,Student_1210,ROLL01210,MBA,2,47.35,0,-0.2,28,low,1,-11.98,Medium
1211,Student_1211,ROLL01211,ME,3,72.06,0,1.272,86,low,1,-1.26,Medium
1212,Student_1212,ROLL01212,MBA,4,75.66,0,-0.459,39,mid,0,-18.42,Medium
1213,Student_1213,ROLL01213,ME,2,54.06,0,-0.142,2,high,1,4.39,Low
1214,Student_1214,ROLL01214,BCA,1,62.25,1,0.197,4,mid,1,-5.72,Low
1215,Student_1215,ROLL01215,BCA,2,88.48,1,-0.989,13,mid,1,0.55,Low
1216,Student_1216,ROLL01216,Physics,3,100.0,0,-0.846,14,low,0,5.94,Low
1217,Student_1217,ROLL01217,ME,3,83.07,2,-0.177,5,mid,0,3.97,Medium
1218,Student_1218,ROLL01218,Commerce,3,85.47,0,1.739,28,mid,1,3.85,Low
1219,Student_1219,ROLL01219,MBA,4,43.1,0,0.192,1,mid,1,-24.56,Medium
1220,Student_1220,ROLL01220,MBA,2,95.39,0,-1.47,27,mid,1,6.31,Low
1221,Student_1221,ROLL01221,ECE,1,37.11,1,-1.344,3,high,0,-13.39,Medium
1222,Student_1222,ROLL01222,MBA,2,46.58,0,1.272,12,mid,1,-15.29,Medium
1223,Student_1223,ROLL01223,ME,3,76.11,0,-0.563,69,low,1,-10.57,Medium
1224,Student_1224,ROLL01224,MBA,1,79.78,1,-0.449,0,mid,0,2.38,Medium
1225,Student_1225,ROLL01225,ME,1,66.45,0,0.938,4,mid,1,-2.97,Low
1226,Student_1226,ROLL01226,MBA,1,56.37,0,-1.036,14,mid,0,-0.16,Medium
1227,Student_1227,ROLL01227,MBA,3,57.95,3,0.906,5,high,1,-1.78,Low
1228,Student_1228,ROLL01228,CE,1,100.0,0,0.412,6,low,0,-2.69,Low
1229,Student_1229,ROLL01229,CSE,4,75.49,0,-0.617,120,low,1,-3.21,High
1230,Student_1230,ROLL01230,ECE,4,32.08,2,0.322,64,low,0,-18.45,High
1231,Student_1231,ROLL01231,ME,1,82.11,0,0.764,2,high,1,4.96,Low
1232,Student_1232,ROLL01232,BCA,4,50.65,0,-1.854,16,high,0,1.02,Medium
1233,Student_1233,ROLL01233,CSE,1,77.99,0,-0.79,32,mid,0,2.9,Medium
1234,Student_1234,ROLL01234,MBA,4,77.01,1,0.218,2,mid,1,-6.88,Low
1235,Student_1235,ROLL01235,BCA,1,88.49,3,-0.46,8,mid,0,5.98,Low
1236,Student_1236,ROLL01236,Commerce,2,82.23,0,1.793,30,mid,1,3.63,Low
1237,Student_1237,ROLL01237,CE,2,52.26,1,1.122,2,mid,0,-4.57,Medium
1238,Student_1238,ROLL01238,CSE,1,63.86,0,-0.765,1,high,1,8.23,Low
1239,Student_1239,ROLL01239,BCA,3,84.2,0,0.852,0,mid,1,7.57,Low
1240,Student_1240,ROLL01240,ECE,4,70.92,0,-0.51,68,low,1,-1.47,Medium
1241,Student_1241,ROLL01241,ME,4,42.07,0,-0.373,4,mid,0,-26.97,Medium
1242,Student_1242,ROLL01242,ECE,2,79.88,0,0.329,17,mid,1,5.95,Low
1243,Student_1243,ROLL01243,ME,2,96.4,0,0.631,7,low,1,0.05,Low
1244,Student_1244,ROLL01244,CE,1,55.91,2,2.0,7,mid,1,-4.96,Low
1245,Student_1245,ROLL01245,CE,2,72.83,1,1.494,3,high,1,-1.39,Low
1246,Student_1246,ROLL01246,Commerce,2,80.12,0,1.0,100,low,0,0.82,Medium
1247,Student_1247,ROLL01247,BCA,3,30.76,0,-1.57,14,high,0,-9.31,Medium
1248,Student_1248,ROLL01248,CSE,3,46.62,0,-1.025,9,low,1,-4.22,Medium
1249,Student_1249,ROLL01249,ME,2,100.0,0,-0.182,1,low,1,-1.71,Low
1250,Student_1250,ROLL01250,BCA,2,63.41,0,-2.0,0,mid,1,7.04,Medium
1251,Student_1251,ROLL01251,CE,1,100.0,0,0.133,9,mid,1,12.85,Low
1252,Student_1252,ROLL01252,CE,2,86.45,0,2.0,17,mid,1,13.3,Low
1253,Student_1253,ROLL01253,CE,4,49.05,0,0.621,17,mid,1,-23.41,Medium
1254,Student_1254,ROLL01254,Commerce,1,90.61,0,0.167,0,high,0,3.27,Low
1255,Student_1255,ROLL01255,ECE,4,37.73,0,0.044,0,high,1,-2.22,Low
1256,Student_1256,ROLL01256,CE,1,98.18,0,-1.081,1,mid,1,-1.87,Low
1257,Student_1257,ROLL01257,Commerce,3,89.99,1,-2.0,4,high,0,2.59,Low
1258,Student_1258,ROLL01258,CE,2,66.99,0,-0.595,54,low,0,-3.58,Medium
1259,Student_1259,ROLL01259,Physics,1,62.68,1,-0.627,109,low,1,-12.04,High
1260,Student_1260,ROLL01260,CE,3,82.65,0,-0.207,5,high,0,8.81,Low
1261,Student_1261,ROLL01261,Physics,3,55.03,0,-0.69,13,low,1,-7.77,Medium
1262,Student_1262,ROLL01262,MBA,1,47.93,0,1.472,1,mid,1,-17.69,Medium
1263,Student_1263,ROLL01263,MBA,1,84.4,1,1.419,5,high,1,-6.75,Low
1264,Student_1264,ROLL01264,CSE,1,55.89,0,-0.346,17,mid,0,2.65,Low
1265,Student_1265,ROLL01265,ECE,3,87.07,0,1.427,2,high,0,2.37,Low
1266,Student_1266,ROLL01266,Physics,4,65.26,0,-0.534,10,low,0,14.35,Low
1267,Student_1267,ROLL01267,Commerce,4,99.95,0,-0.06,1,low,1,-5.11,Low
1268,Student_1268,ROLL01268,CE,1,66.86,2,-1.362,8,high,1,-7.77,Medium
1269,Student_1269,ROLL01269,ME,3,67.37,0,0.398,26,low,0,-8.91,Medium
1270,Student_1270,ROLL01270,ECE,1,52.73,1,-0.398,73,low,1,-16.38,High
1271,Student_1271,ROLL01271,Commerce,1,78.17,1,1.065,33,low,1,1.84,Low
1272,Student_1272,ROLL01272,CSE,2,90.47,0,-0.151,2,high,1,2.9,Low
1273,Student_1273,ROLL01273,CE,2,67.02,0,0.238,0,mid,0,1.7,Low
1274,Student_1274,ROLL01274,CSE,2,85.61,0,0.745,31,low,0,6.76,Low
1275,Student_1275,ROLL01275,MBA,4,30.0,1,-0.406,0,high,1,-7.7,Medium
1276,Student_1276,ROLL01276,MBA,2,89.99,0,0.16,0,high,0,0.03,Low
1277,Student_1277,ROLL01277,ECE,2,77.85,1,0.791,120,low,1,-5.28,High
1278,Student_1278,ROLL01278,CSE,4,54.32,0,-0.266,3,mid,0,5.84,Low
1279,Student_1279,ROLL01279,CSE,4,63.77,0,1.697,1,high,1,-12.08,Low
1280,Student_1280,ROLL01280,CE,3,88.6,0,1.598,3,high,1,3.82,Low
1281,Student_1281,ROLL01281,ECE,2,67.83,0,-0.483,5,mid,1,2.49,Low
1282,Student_1282,ROLL01282,MBA,1,65.52,0,0.378,69,low,1,-3.03,Medium
1283,Student_1283,ROLL01283,ECE,4,68.64,3,1.444,10,mid,1,-16.38,Medium
1284,Student_1284,ROLL01284,ECE,3,58.59,0,0.815,8,low,1,7.47,Low
1285,Student_1285,ROLL01285,CSE,2,68.79,0,0.033,29,low,1,-2.79,Low
1286,Student_1286,ROLL01286,ECE,2,42.86,0,0.195,14,low,0,0.46,Medium
1287,Student_1287,ROLL01287,CSE,3,71.5,2,-0.353,51,low,1,6.69,Low
1288,Student_1288,ROLL01288,Physics,1,100.0,0,0.163,1,high,1,0.48,Low
1289,Student_1289,ROLL01289,MBA,4,93.97,2,-0.355,7,low,1,-0.87,Low
1290,Student_1290,ROLL01290,MBA,1,47.89,0,-0.383,17,low,1,-8.1,Medium
1291,Student_1291,ROLL01291,Physics,4,77.67,1,-0.905,5,mid,1,5.12,Low
1292,Student_1292,ROLL01292,ME,2,40.2,0,0.403,1,high,0,-16.3,Medium
1293,Student_1293,ROLL01293,MBA,2,51.02,2,-1.325,45,low,1,7.77,High
1294,Student_1294,ROLL01294,CE,2,57.76,0,-1.952,42,low,0,-6.22,Medium
1295,Student_1295,ROLL01295,BCA,4,95.85,0,-1.943,10,mid,1,14.8,Low
1296,Student_1296,ROLL01296,ECE,4,89.34,1,0.334,6,low,1,8.11,Low
1297,Student_1297,ROLL01297,ME,1,76.84,0,-0.007,13,low,1,-9.19,Low
1298,Student_1298,ROLL01298,Commerce,4,53.25,2,0.548,73,low,0,-9.02,High
1299,Student_1299,ROLL01299,CSE,3,85.65,0,0.791,21,low,1,-6.76,Low
1300,Student_1300,ROLL01300,ME,3,45.87,2,-0.046,2,low,0,-5.74,Medium
1301,Student_1301,ROLL01301,MBA,4,76.97,0,0.497,15,mid,1,0.96,Low
1302,Student_1302,ROLL01302,ME,2,89.24,0,-0.652,42,low,1,7.3,Low
1303,Student_1303,ROLL01303,ME,3,67.3,0,0.303,3,mid,1,-7.71,Low
1304,Student_1304,ROLL01304,Physics,2,75.27,0,0.129,19,low,1,-6.62,Medium
1305,Student_1305,ROLL01305,CSE,4,70.82,2,0.424,12,low,1,0.5,Medium
1306,Student_1306,ROLL01306,ME,2,67.36,0,0.679,0,high,1,-2.99,Low
1307,Student_1307,ROLL01307,BCA,1,51.57,0,-0.561,55,low,1,-7.24,Medium
1308,Student_1308,ROLL01308,CSE,1,86.56,2,-0.499,1,mid,1,-0.59,Low
1309,Student_1309,ROLL01309,ME,3,84.75,1,1.889,36,low,0,3.06,Low
1310,Student_1310,ROLL01310,MBA,4,47.99,0,-0.558,8,low,0,-18.28,High
1311,Student_1311,ROLL01311,Physics,3,93.19,2,-1.771,5,mid,0,-3.15,Medium
1312,Student_1312,ROLL01312,Commerce,3,63.95,0,0.035,3,high,0,-5.57,Low
1313,Student_1313,ROLL01313,ME,4,48.87,0,-0.911,1,high,0,-14.68,Medium
1314,Student_1314,ROLL01314,MBA,2,56.4,1,0.406,21,low,1,0.31,Medium
1315,Student_1315,ROLL01315,Physics,3,86.5,0,0.341,16,mid,0,4.61,Low
1316,Student_1316,ROLL01316,Commerce,2,84.82,0,0.419,2,high,0,4.15,Low
1317,Student_1317,ROLL01317,CSE,1,70.59,0,-0.48,0,mid,1,-2.76,Low
1318,Student_1318,ROLL01318,Physics,3,96.2,0,0.539,14,mid,1,6.67,Low
1319,Student_1319,ROLL01319,BCA,3,72.96,1,-0.681,51,low,1,-0.66,Medium
1320,Student_1320,ROLL01320,MBA,4,61.96,2,-0.887,5,high,0,-9.12,Medium
1321,Student_1321,ROLL01321,Commerce,4,52.03,0,-0.008,15,high,1,4.81,Low
1322,Student_1322,ROLL01322,Commerce,3,49.01,0,-0.499,1,mid,1,-17.87,Medium
1323,Student_1323,ROLL01323,MBA,2,48.92,0,0.177,10,high,1,-5.23,Low
1324,Student_1324,ROLL01324,ECE,2,30.0,0,-0.691,4,high,0,-17.82,Medium
1325,Student_1325,ROLL01325,ME,1,63.83,1,0.818,8,low,0,-6.04,Low
1326,Student_1326,ROLL01326,ECE,3,99.37,0,-2.0,20,mid,1,3.17,Low
1327,Student_1327,ROLL01327,CSE,1,66.56,1,0.184,40,mid,1,1.88,Medium
1328,Student_1328,ROLL01328,ECE,4,65.84,0,-0.59,19,low,1,-3.16,Low
1329,Student_1329,ROLL01329,BCA,4,91.39,0,1.327,60,mid,0,-10.0,Medium
1330,Student_1330,ROLL01330,MBA,1,70.78,1,-0.374,5,mid,0,-12.8,Medium
1331,Student_1331,ROLL01331,Physics,3,78.65,0,1.329,15,mid,0,12.89,Low
1332,Student_1332,ROLL01332,Commerce,4,63.0,0,-2.0,37,low,0,-4.94,Medium
1333,Student_1333,ROLL01333,Commerce,2,51.07,0,-0.464,14,high,1,8.39,Low
1334,Student_1334,ROLL01334,BCA,3,88.7,0,0.07,3,high,0,-8.91,Low
1335,Student_1335,ROLL01335,BCA,4,57.35,0,0.227,9,mid,1,7.38,Low
1336,Student_1336,ROLL01336,Physics,1,60.05,1,0.42,34,low,1,-9.43,Medium
1337,Student_1337,ROLL01337,BCA,3,78.14,3,-0.32,7,mid,1,0.98,Medium
1338,Student_1338,ROLL01338,CE,1,71.66,0,0.991,10,mid,0,4.14,Low
1339,Student_1339,ROLL01339,CSE,1,60.59,1,0.849,1,high,1,9.83,Low
1340,Student_1340,ROLL01340,Physics,1,97.11,0,1.37,23,mid,0,4.38,Low
1341,Student_1341,ROLL01341,Physics,2,76.02,0,1.452,9,mid,1,-10.58,Low
1342,Student_1342,ROLL01342,CE,3,92.43,0,0.509,3,high,0,-2.79,Low
1343,Student_1343,ROLL01343,Physics,4,71.41,0,-0.536,0,mid,0,0.8,Low
1344,Student_1344,ROLL01344,Commerce,3,97.69,0,-0.276,2,mid,0,8.48,Low
1345,Student_1345,ROLL01345,ME,2,52.51,1,-0.747,1,high,1,-6.2,Medium
1346,Student_1346,ROLL01346,MBA,1,95.33,0,2.0,4,mid,0,0.05,Low
1347,Student_1347,ROLL01347,ME,4,52.09,0,-0.544,3,low,0,-11.62,Medium
1348,Student_1348,ROLL01348,MBA,4,68.7,1,0.036,40,mid,1,0.68,Medium
1349,Student_1349,ROLL01349,BCA,1,86.48,0,1.278,4,low,1,4.96,Low
1350,Student_1350,ROLL01350,Commerce,4,39.15,0,-0.627,3,high,1,-11.24,Medium
1351,Student_1351,ROLL01351,Physics,2,73.06,0,0.719,6,mid,1,-4.28,Low
1352,Student_1352,ROLL01352,Commerce,4,91.74,0,0.903,3,high,1,4.04,Low
1353,Student_1353,ROLL01353,ME,2,76.81,2,-2.0,14,mid,1,-8.52,Medium
1354,Student_1354,ROLL01354,ME,1,63.93,2,-0.628,57,low,1,-17.07,High
1355,Student_1355,ROLL01355,MBA,4,77.9,0,0.503,8,mid,1,-14.66,Low
1356,Student_1356,ROLL01356,CE,4,77.02,0,-1.519,24,low,1,6.46,Medium
1357,Student_1357,ROLL01357,CSE,2,66.52,2,-0.572,8,mid,1,11.1,Low
1358,Student_1358,ROLL01358,Physics,3,53.76,1,-1.456,24,mid,1,-16.29,High
1359,Student_1359,ROLL01359,ME,1,58.34,1,1.126,10,mid,1,-3.79,Medium
1360,Student_1360,ROLL01360,ME,4,77.27,0,-0.735,19,mid,0,-9.77,Medium
1361,Student_1361,ROLL01361,ME,3,65.54,0,1.434,22,mid,1,-8.57,Low
1362,Student_1362,ROLL01362,CE,4,81.58,1,-0.193,8,mid,0,1.3,Medium
1363,Student_1363,ROLL01363,CE,4,49.94,0,-0.018,2,mid,0,-12.94,Medium
1364,Student_1364,ROLL01364,Physics,1,82.96,0,-1.656,20,mid,1,-1.63,Low
1365,Student_1365,ROLL01365,MBA,1,73.71,2,0.414,38,mid,1,-1.06,Low
1366,Student_1366,ROLL01366,BCA,2,73.54,0,-1.039,2,mid,1,-18.4,Medium
1367,Student_1367,ROLL01367,MBA,3,82.42,0,1.303,1,high,0,-0.33,Low
1368,Student_1368,ROLL01368,Physics,1,65.1,0,-2.0,29,low,0,-8.25,Medium
1369,Student_1369,ROLL01369,MBA,2,44.08,3,1.576,31,mid,0,-11.85,High
1370,Student_1370,ROLL01370,Commerce,3,62.07,3,-1.491,23,low,0,10.37,High
1371,Student_1371,ROLL01371,MBA,1,56.25,1,1.332,9,mid,1,-8.14,Medium
1372,Student_1372,ROLL01372,CSE,1,92.62,0,0.451,7,high,1,-2.59,Low
1373,Student_1373,ROLL01373,CE,2,57.28,0,-0.551,4,mid,1,-7.93,Low
1374,Student_1374,ROLL01374,CSE,3,72.35,0,0.344,66,low,1,-10.28,Medium
1375,Student_1375,ROLL01375,CSE,2,66.71,0,-0.359,23,low,0,2.59,Medium
1376,Student_1376,ROLL01376,ME,3,74.74,2,0.437,3,high,1,4.85,Low
1377,Student_1377,ROLL01377,ME,3,96.44,1,-1.088,15,low,1,4.26,Low
1378,Student_1378,ROLL01378,MBA,3,80.14,2,-0.194,5,high,0,1.39,Low
1379,Student_1379,ROLL01379,ME,3,65.48,0,-1.005,94,low,0,-0.37,High
1380,Student_1380,ROLL01380,Commerce,2,73.45,0,-0.35,1,mid,0,-5.88,Medium
1381,Student_1381,ROLL01381,Physics,4,65.03,0,-0.331,14,low,0,-0.77,Low
1382,Student_1382,ROLL01382,BCA,1,100.0,0,-0.086,12,mid,1,2.84,Low
1383,Student_1383,ROLL01383,Commerce,1,91.39,0,1.732,50,low,1,-5.44,Low
1384,Student_1384,ROLL01384,MBA,1,63.05,0,-0.612,0,high,1,-12.81,Low
1385,Student_1385,ROLL01385,CSE,4,92.6,0,-1.256,62,mid,1,-1.24,Low
1386,Student_1386,ROLL01386,ME,2,55.34,3,-0.698,112,mid,1,-0.26,High
1387,Student_1387,ROLL01387,Commerce,2,72.36,0,-1.123,1,high,0,3.42,Low
1388,Student_1388,ROLL01388,MBA,4,30.0,0,-0.491,0,mid,0,-0.92,Medium
1389,Student_1389,ROLL01389,CSE,3,57.0,2,0.018,11,low,1,-2.7,Medium
1390,Student_1390,ROLL01390,CE,2,60.92,0,1.803,8,low,1,-10.73,Low
1391,Student_1391,ROLL01391,MBA,1,75.66,0,0.357,8,mid,0,14.9,Low
1392,Student_1392,ROLL01392,CSE,3,66.58,0,0.889,29,mid,0,15.0,Low
1393,Student_1393,ROLL01393,Physics,2,62.59,0,-0.406,78,low,0,-10.58,High
1394,Student_1394,ROLL01394,ME,4,75.73,0,-0.744,20,low,0,-2.87,Medium
1395,Student_1395,ROLL01395,ME,1,65.37,0,-0.612,1,high,0,3.3,Low
1396,Student_1396,ROLL01396,CSE,1,73.42,1,-0.529,15,mid,1,-0.85,Medium
1397,Student_1397,ROLL01397,ECE,4,55.81,0,-1.35,1,mid,0,1.73,Low
1398,Student_1398,ROLL01398,BCA,2,94.77,0,-0.385,15,mid,0,11.4,Low
1399,Student_1399,ROLL01399,MBA,2,77.86,1,0.516,17,mid,0,3.96,Low
1400,Student_1400,ROLL01400,BCA,1,74.69,0,-0.121,7,mid,1,-1.6,Low
1401,Student_1401,ROLL01401,ECE,2,56.68,1,0.759,7,high,1,-9.3,Low
1402,Student_1402,ROLL01402,Commerce,2,44.94,0,0.44,96,low,1,-10.08,High
1403,Student_1403,ROLL01403,BCA,1,67.92,0,0.215,11,low,0,-6.53,Medium
1404,Student_1404,ROLL01404,Commerce,3,81.37,1,-1.311,0,mid,1,6.31,Low
1405,Student_1405,ROLL01405,Physics,2,84.76,0,-1.635,32,mid,0,-1.59,Low
1406,Student_1406,ROLL01406,BCA,3,92.02,0,-1.168,17,mid,1,3.56,Low
1407,Student_1407,ROLL01407,ECE,3,63.79,1,-0.329,0,mid,1,2.75,Low
1408,Student_1408,ROLL01408,ME,1,80.68,1,-0.079,61,low,0,-6.58,Medium
1409,Student_1409,ROLL01409,Physics,1,90.0,2,0.208,3,mid,1,1.95,Low
1410,Student_1410,ROLL01410,ECE,3,55.81,2,-0.835,75,low,0,5.59,High
1411,Student_1411,ROLL01411,Commerce,3,32.26,0,1.178,3,mid,1,-20.99,Medium
1412,Student_1412,ROLL01412,CE,4,84.74,0,0.705,120,low,1,0.92,High
1413,Student_1413,ROLL01413,CSE,4,72.92,0,-0.997,6,mid,1,15.0,Low
1414,Student_1414,ROLL01414,ECE,3,39.12,0,0.004,9,mid,1,-22.06,Medium
1415,Student_1415,ROLL01415,CSE,4,87.39,0,0.78,14,mid,1,4.36,Low
1416,Student_1416,ROLL01416,Commerce,2,95.9,0,-0.355,11,mid,1,5.01,Low
1417,Student_1417,ROLL01417,CSE,2,89.31,1,0.348,1,mid,0,4.55,Low
1418,Student_1418,ROLL01418,CSE,3,100.0,0,-1.438,24,mid,1,-2.12,Low
1419,Student_1419,ROLL01419,BCA,2,80.21,1,-0.411,3,mid,0,-8.67,Medium
1420,Student_1420,ROLL01420,CSE,4,75.95,0,-2.0,14,mid,0,-2.04,Medium
1421,Student_1421,ROLL01421,CE,1,76.33,2,-0.875,16,mid,1,-2.75,Medium
1422,Student_1422,ROLL01422,BCA,4,64.33,1,2.0,18,low,0,3.53,Medium
1423,Student_1423,ROLL01423,CSE,2,36.95,0,1.112,79,low,1,-16.41,High
1424,Student_1424,ROLL01424,BCA,2,88.14,0,-0.855,3,mid,1,-1.45,Low
1425,Student_1425,ROLL01425,MBA,2,90.11,0,-0.474,3,high,1,0.83,Low
1426,Student_1426,ROLL01426,ECE,1,85.85,0,-1.418,1,mid,0,0.69,Low
1427,Student_1427,ROLL01427,CSE,2,92.28,2,0.978,12,low,0,9.35,Low
1428,Student_1428,ROLL01428,ECE,2,83.98,0,0.435,10,low,0,6.41,Low
1429,Student_1429,ROLL01429,CSE,3,100.0,0,-0.839,30,mid,0,-3.55,Medium
1430,Student_1430,ROLL01430,ECE,2,79.51,1,-0.245,24,mid,1,-18.84,Medium
1431,Student_1431,ROLL01431,ME,2,50.46,0,-0.366,0,high,1,-3.57,Low
1432,Student_1432,ROLL01432,Physics,4,100.0,0,-0.836,8,high,1,1.08,Low
1433,Student_1433,ROLL01433,ME,1,58.89,1,-0.92,120,low,0,3.8,High
1434,Student_1434,ROLL01434,ME,2,55.45,2,-0.932,25,mid,1,-2.26,Medium
1435,Student_1435,ROLL01435,ME,2,53.99,1,-0.583,13,mid,1,4.49,Medium
1436,Student_1436,ROLL01436,ME,3,62.21,1,0.779,93,low,0,-0.64,High
1437,Student_1437,ROLL01437,CSE,1,56.8,0,0.173,28,mid,1,-17.6,Medium
1438,Student_1438,ROLL01438,ME,3,100.0,0,-0.076,19,low,1,3.52,Low
1439,Student_1439,ROLL01439,ME,4,59.54,2,-0.621,51,low,0,9.04,High
1440,Student_1440,ROLL01440,Commerce,2,69.02,1,0.69,16,low,1,-13.65,Medium
1441,Student_1441,ROLL01441,ECE,4,37.54,0,0.452,22,low,1,-10.16,Medium
1442,Student_1442,ROLL01442,ECE,3,75.12,2,-0.17,16,low,1,0.77,Medium
1443,Student_1443,ROLL01443,CE,3,80.04,0,0.466,28,low,0,-2.63,Low
1444,Student_1444,ROLL01444,CSE,1,67.53,0,0.673,28,high,0,-11.98,Medium
1445,Student_1445,ROLL01445,CSE,3,43.57,0,-1.221,48,mid,1,-22.21,Medium
1446,Student_1446,ROLL01446,ME,1,68.52,0,-1.217,4,low,0,-17.35,Medium
1447,Student_1447,ROLL01447,BCA,2,54.62,0,0.258,32,mid,0,-5.31,Medium
1448,Student_1448,ROLL01448,CSE,1,85.82,0,0.155,1,mid,0,4.76,Low
1449,Student_1449,ROLL01449,MBA,4,81.61,0,-0.237,12,low,1,2.33,Low
1450,Student_1450,ROLL01450,Commerce,3,66.32,1,-0.007,4,high,1,-11.72,Low
1451,Student_1451,ROLL01451,Commerce,1,88.55,1,-0.185,2,mid,1,-2.79,Low
1452,Student_1452,ROLL01452,MBA,1,54.37,0,-0.443,1,mid,1,-15.2,Medium
1453,Student_1453,ROLL01453,CE,4,65.62,1,-0.157,26,low,1,-3.47,Low
1454,Student_1454,ROLL01454,ME,4,72.55,1,-1.008,6,mid,1,6.39,Low
1455,Student_1455,ROLL01455,MBA,1,100.0,0,-0.21,10,low,0,0.43,Low
1456,Student_1456,ROLL01456,CSE,4,67.2,0,-0.758,49,low,1,-15.27,Medium
1457,Student_1457,ROLL01457,Commerce,4,78.02,0,-0.262,0,high,1,-3.33,Low
1458,Student_1458,ROLL01458,Physics,3,45.88,0,-0.083,6,low,0,-13.38,Medium
1459,Student_1459,ROLL01459,Physics,1,64.28,0,-1.562,17,mid,1,-0.8,Low
1460,Student_1460,ROLL01460,CSE,4,58.03,1,0.705,27,low,0,8.36,Medium
1461,Student_1461,ROLL01461,ECE,2,51.07,2,-0.823,44,low,1,15.0,High
1462,Student_1462,ROLL01462,MBA,4,73.97,0,0.389,2,mid,1,0.1,Low
1463,Student_1463,ROLL01463,Commerce,2,92.46,0,2.0,16,high,1,6.45,Low
1464,Student_1464,ROLL01464,MBA,3,82.09,0,-0.028,1,high,1,3.18,Low
1465,Student_1465,ROLL01465,CE,2,52.91,0,0.292,120,low,1,-2.79,High
1466,Student_1466,ROLL01466,ECE,4,70.15,0,1.387,18,mid,1,1.37,Low
1467,Student_1467,ROLL01467,BCA,2,67.75,1,0.309,58,low,1,9.9,Medium
1468,Student_1468,ROLL01468,CSE,1,67.55,0,0.934,89,low,0,9.07,Medium
1469,Student_1469,ROLL01469,BCA,2,96.2,0,0.473,6,mid,1,6.08,Low
1470,Student_1470,ROLL01470,CSE,4,71.01,0,-0.635,40,low,0,-3.77,Medium
1471,Student_1471,ROLL01471,ME,4,62.03,0,0.098,1,high,1,-8.97,Low
1472,Student_1472,ROLL01472,MBA,2,80.88,0,0.156,4,high,1,7.69,Low
1473,Student_1473,ROLL01473,ME,1,61.08,0,0.396,0,mid,1,4.69,Low
1474,Student_1474,ROLL01474,Physics,2,35.49,0,-1.115,14,low,1,-13.47,Medium
1475,Student_1475,ROLL01475,Commerce,1,81.19,1,-0.622,26,low,1,-3.67,Medium
1476,Student_1476,ROLL01476,ECE,3,67.95,0,-0.889,15,mid,1,-3.98,Low
1477,Student_1477,ROLL01477,CSE,1,71.56,1,0.182,2,high,1,-5.02,Low
1478,Student_1478,ROLL01478,ECE,1,79.34,0,2.0,2,low,0,-1.45,Low
1479,Student_1479,ROLL01479,CE,3,48.4,0,-0.09,66,mid,1,-1.9,Medium
1480,Student_1480,ROLL01480,MBA,4,74.63,1,-1.663,4,high,0,-16.93,Medium
1481,Student_1481,ROLL01481,CSE,4,82.56,0,1.16,12,mid,0,9.81,Low
1482,Student_1482,ROLL01482,CE,2,83.15,0,0.115,14,mid,1,6.51,Low
1483,Student_1483,ROLL01483,Commerce,4,69.23,0,-1.085,0,high,1,7.15,Low
1484,Student_1484,ROLL01484,Commerce,3,58.4,1,0.313,13,low,1,-10.81,Medium
1485,Student_1485,ROLL01485,BCA,1,100.0,0,2.0,5,mid,0,3.12,Low
1486,Student_1486,ROLL01486,CE,3,100.0,0,0.096,6,mid,1,1.95,Low
1487,Student_1487,ROLL01487,CSE,4,65.01,0,1.43,4,high,0,-5.42,Low
1488,Student_1488,ROLL01488,ECE,2,85.94,0,0.151,14,mid,1,0.58,Low
1489,Student_1489,ROLL01489,ME,3,46.72,2,0.589,6,low,1,-7.54,Medium
1490,Student_1490,ROLL01490,MBA,4,61.21,0,-1.167,11,high,1,-10.75,Medium
1491,Student_1491,ROLL01491,ECE,1,93.59,0,-1.632,2,mid,0,6.6,Low
1492,Student_1492,ROLL01492,CE,4,50.51,0,-0.608,19,low,1,1.27,Low
1493,Student_1493,ROLL01493,CE,2,68.57,0,0.327,5,high,1,-1.76,Low
1494,Student_1494,ROLL01494,BCA,4,82.8,1,-2.0,0,low,1,7.14,Medium
1495,Student_1495,ROLL01495,BCA,2,53.52,0,0.136,0,mid,1,-4.78,Low
1496,Student_1496,ROLL01496,CE,2,72.21,1,-0.431,6,mid,0,-5.79,Medium
1497,Student_1497,ROLL01497,BCA,3,49.52,1,-0.652,13,mid,1,-12.8,Medium
1498,Student_1498,ROLL01498,ECE,1,40.15,0,-1.213,104,low,0,-6.85,High
1499,Student_1499,ROLL01499,ME,4,50.89,2,0.937,2,high,1,-15.24,Medium
1500,Student_1500,ROLL01500,CE,3,71.31,2,0.373,3,high,1,-5.02,Low
